,ticket_nmbr,STATUS,assigned_group,PARENT_SERVICE,service,CHANGE_DATE,TIME_IN_STATUS_BY_OWNER_HRS
68,IN10028640,PENDINGREV,NW000409,Mobile Devices,Mobile - Mobile Device - Government Cellular Services,04NOV2016:14:47:36,12
133,IN10028659,PENDINGREV,ENT00009,Mobile Devices,Mobile Devices,07NOV2016:09:59:41,317
383,IN10028728,PENDINGREV,DC000113,Midrange,Midrange,07NOV2016:10:12:34,103
402,IN10028732,PENDINGREV,EDC00026,Data Centre Facilities Management,Facilities - Data Centre Facilities Power & Space,04APR2016:15:14:26,0
446,IN10028741,PENDINGREV,EDC00026,Data Centre Facilities Management,Facilities - Data Centre Facilities Power & Space,04APR2016:15:26:34,0
452,IN10028742,PENDINGREV,EDC00098,Other Activities,Other - Security,07APR2016:08:26:53,1062
663,IN10028805,PENDINGREV,ITS00309,Secure Remote Access,Secure Remote Access,07NOV2016:10:18:00,91
673,IN10028810,PENDINGREV,NW000408,Fixed Line,Fixed - VoIP,04APR2016:12:26:22,0
1132,IN10028927,PENDINGREV,NW000440,Fixed Line,Fixed - PBX,08NOV2016:09:37:47,134
1213,IN10028951,PENDINGREV,DC000132,High-performance Computing,High-performance Computing,11NOV2016:14:22:58,225
1252,IN10028960,PENDINGREV,NW000408,Fixed Line,Fixed - VoIP,21JUL2016:07:32:07,7
1474,IN10029018,PENDINGREV,NW000403,Intra-building Network Services,IBN - GC LAN,07NOV2016:10:40:04,14
1504,IN10029023,PENDINGREV,NW000431,GC WAN,GC WAN,07NOV2016:13:08:22,0
1513,IN10029024,PENDINGREV,DC000115,Midrange,Midrange - Windows -X86,07NOV2016:13:08:35,121
1713,IN10029114,PENDINGREV,NW000410,Conferencing Services,Conferencing - Videoconferencing,07NOV2016:10:50:24,8
1913,IN10029156,PENDINGREV,NW000408,Fixed Line,Fixed - VoIP,08APR2016:09:17:22,23
1961,IN10029165,PENDINGREV,NW000445,Intra-building Network Services,IBN - GC LAN,07NOV2016:10:55:20,388
2049,IN10029185,PENDINGREV,DC000141,Middleware,Middleware,07NOV2016:10:59:12,0
2050,IN10029185,PENDINGREV,ESI00011,Other Activities,Other - Service Management,08NOV2016:08:43:56,4
2055,IN10029186,PENDINGREV,NW000408,Fixed Line,Fixed - VoIP,08APR2016:12:33:28,17
2164,IN10029210,PENDINGREV,DC000117,Storage,Storage,28APR2016:08:43:24,92
2186,IN10029215,PENDINGREV,DC000115,Midrange,Midrange - Windows -X86,07NOV2016:11:39:14,498
2187,IN10029215,PENDINGREV,ESI00011,Other Activities,Other - Service Management,10JAN2017:16:26:57,73
2407,IN10029262,PENDINGREV,ITS00307,Secure Remote Access,Secure Remote Access,07NOV2016:11:41:58,2
2765,IN10029347,PENDINGREV,NW000436,Fixed Line,Fixed Line,07NOV2016:11:45:35,100
2947,IN10029385,PENDINGREV,ITS00306,Other Activities,Other - Security,07NOV2016:11:52:27,1291
2973,IN10029390,PENDINGREV,ENT00042,Intra-building Network Services,IBN - Data Centre Network,13APR2016:10:04:25,14
2974,IN10029390,PENDINGREV,NW000430,Intra-building Network Services,IBN - Data Centre Network,14APR2016:11:21:38,39
2975,IN10029390,PENDINGREV,EDC00096,Midrange,Midrange,14APR2016:11:22:42,39
3266,IN10029451,PENDINGREV,DC000132,High-performance Computing,High-performance Computing,11NOV2016:14:40:50,43
3693,IN10029552,PENDINGREV,NW000408,Fixed Line,Fixed - VoIP,14APR2016:07:57:10,2
3929,IN10029604,PENDINGREV,NW000404,Intra-building Network Services,IBN - Cabling - Install and Material,16MAY2016:16:08:50,122
3940,IN10029606,PENDINGREV,DC000127,High-performance Computing,HPC -Big Data Exchange,22APR2016:10:00:24,16
4016,IN10029620,PENDINGREV,ITS00306,Other Activities,Other - Security,07NOV2016:11:57:09,16
4090,IN10029638,PENDINGREV,NW000440,Fixed Line,Fixed - PBX,15APR2016:07:24:58,646
4229,IN10029672,PENDINGREV,DC000141,Middleware,Middleware,07NOV2016:12:05:32,121
4230,IN10029672,PENDINGREV,ESI00011,Other Activities,Other - Service Management,24NOV2016:10:38:35,3
4299,IN10029688,PENDINGREV,DC000127,High-performance Computing,HPC -Big Data Exchange,22APR2016:10:01:42,0
4330,IN10029694,PENDINGREV,ENT00009,Mobile Devices,Mobile Devices,07NOV2016:12:09:39,404
4331,IN10029694,PENDINGREV,ESI00011,Other Activities,Other - Service Management,04JAN2017:09:31:14,26
4338,IN10029695,PENDINGREV,EDC00006,Mobile Devices,Mobile - Enterprise Mobile Device Management (EMDM),27APR2016:10:34:57,738
4444,IN10029721,PENDINGREV,NW000409,Mobile Devices,Mobile - Mobile Device - Government Cellular Services,07NOV2016:12:15:07,381
4487,IN10029732,PENDINGREV,ENT00008,Mobile Devices,Mobile Devices,07NOV2016:12:18:33,113
4488,IN10029732,PENDINGREV,ESI00011,Other Activities,Other - Service Management,22NOV2016:12:51:44,13
4489,IN10029732,PENDINGREV,ENT00015,Intra-building Network Services,IBN - Data Centre Network,23NOV2016:11:25:02,4
4497,IN10029733,PENDINGREV,ENT00008,Mobile Devices,Mobile Devices,07NOV2016:12:23:07,113
4498,IN10029733,PENDINGREV,ESI00011,Other Activities,Other - Service Management,22NOV2016:12:53:21,13
4499,IN10029733,PENDINGREV,ENT00015,Intra-building Network Services,IBN - Data Centre Network,23NOV2016:11:30:00,4
4594,IN10029760,PENDINGREV,ITS00322,Directory Services,Directory Services,11NOV2016:14:46:12,0
4864,IN10029819,PENDINGREV,ENT00009,Mobile Devices,Mobile Devices,20APR2016:12:45:47,1
5001,IN10029852,PENDINGREV,ITS00306,Other Activities,Other - Security,07NOV2016:12:25:33,1257
5002,IN10029852,PENDINGREV,ESI00011,Other Activities,Other - Service Management,04MAY2017:13:13:20,37
5003,IN10029852,PENDINGREV,DC000115,Midrange,Midrange - Windows -X86,04MAY2017:13:47:12,0
5301,IN10029933,PENDINGREV,NW000405,Intra-building Network Services,IBN - GC LAN,19APR2016:23:04:39,0
5545,IN10029990,PENDINGREV,NW000408,Fixed Line,Fixed - VoIP,20APR2016:14:13:52,480
5546,IN10029990,PENDINGREV,NW000440,Fixed Line,Fixed - PBX,20APR2016:14:17:57,480
5668,IN10030017,PENDINGREV,DC000129,High-performance Computing,High-performance Computing,21APR2016:11:01:07,10
5881,IN10030068,PENDINGREV,NW000408,Fixed Line,Fixed - VoIP,06JUN2016:07:06:40,153
5931,IN10030080,PENDINGREV,DC000115,Midrange,Midrange - Windows -X86,10NOV2016:09:37:30,0
6077,IN10030112,PENDINGREV,NDS00026,Midrange,Midrange,24APR2016:07:57:38,932
6078,IN10030112,PENDINGREV,NW000417,GC WAN,GC WAN,08JUN2016:07:30:24,622
6113,IN10030121,PENDINGREV,DC000130,High-performance Computing,HPC - Interaction & Visualization,22APR2016:11:50:21,219
6538,IN10030225,PENDINGREV,ESI00026,Other Activities,Other - Internal Services & Strategy,05MAY2016:11:59:45,24
6708,IN10030264,PENDINGREV,ITS00306,Other Activities,Other - Security,07NOV2016:12:32:31,1239
6749,IN10030272,PENDINGREV,EU000203,Storage,Storage - File,26APR2016:08:11:23,0
6807,IN10030284,PENDINGREV,NW000409,Mobile Devices,Mobile - Mobile Device - Government Cellular Services,07NOV2016:12:35:33,380
6880,IN10030300,PENDINGREV,DC000113,Midrange,Midrange,07NOV2016:12:46:02,189
6975,IN10030320,PENDINGREV,NW000436,Fixed Line,Fixed Line,07NOV2016:12:53:45,70
6981,IN10030322,PENDINGREV,NW000417,GC WAN,GC WAN,29APR2016:18:08:01,1
7073,IN10030340,PENDINGREV,NW000436,Fixed Line,Fixed Line,07NOV2016:13:16:43,380
7094,IN10030344,PENDINGREV,NW000412,Fixed Line,Fixed Line,13JUL2016:12:29:23,15
7194,IN10030366,PENDINGREV,ENT00009,Mobile Devices,Mobile Devices,07NOV2016:13:59:17,398
7195,IN10030366,PENDINGREV,ESI00011,Other Activities,Other - Service Management,04JAN2017:09:36:59,22
7386,IN10030412,PENDINGREV,NW000412,Fixed Line,Fixed Line,07NOV2016:14:04:02,428
7514,IN10030443,PENDINGREV,EDC00009,Midrange,Midrange,04MAY2016:10:01:50,2
7779,IN10030507,PENDINGREV,NW000405,Intra-building Network Services,IBN - GC LAN,09JUN2016:19:32:19,91
8131,IN10030587,PENDINGREV,NW000451,Intra-building Network Services,IBN - GC LAN,07NOV2016:14:17:38,236
8133,IN10030587,PENDINGREV,ESI00011,Other Activities,Other - Service Management,08DEC2016:12:29:58,0
8190,IN10030599,PENDINGREV,DC000113,Midrange,Midrange,07NOV2016:14:22:54,290
8390,IN10030642,PENDINGREV,ITS00306,Other Activities,Other - Security,07NOV2016:14:40:09,383
8391,IN10030642,PENDINGREV,ESI00011,Other Activities,Other - Service Management,30DEC2016:10:40:17,12
8392,IN10030642,PENDINGREV,ESI00028,Other Activities,Other - Security,03JAN2017:12:20:40,0
8411,IN10030644,PENDINGREV,ITS00306,Other Activities,Other - Security,07NOV2016:14:48:05,367
8412,IN10030644,PENDINGREV,ESI00011,Other Activities,Other - Service Management,30DEC2016:10:44:07,11
8417,IN10030645,PENDINGREV,DC000111,Data Centre Facilities Management,Data Centre Facilities Management,28APR2016:20:21:50,10
8437,IN10030652,PENDINGREV,NW000412,Fixed Line,Fixed Line,29APR2016:10:29:32,1
8539,IN10030675,PENDINGREV,ENT00016,Conferencing Services,Conferencing - Videoconferencing,08NOV2016:09:43:18,6
8694,IN10030710,PENDINGREV,DC000132,High-performance Computing,High-performance Computing,08NOV2016:09:52:10,66
8868,IN10030752,PENDINGREV,DC000120,Midrange,Midrange - Windows -X86,24MAY2016:15:44:00,141
8914,IN10030760,PENDINGREV,NW000425,GC WAN,GC WAN,08NOV2016:10:24:40,6
8931,IN10030763,PENDINGREV,DC000132,High-performance Computing,High-performance Computing,08NOV2016:10:29:26,80
8978,IN10030774,PENDINGREV,NW000417,GC WAN,GC WAN,08NOV2016:10:32:44,1136
8979,IN10030774,PENDINGREV,EU000203,Storage,Storage - File,24APR2017:14:26:08,0
9068,IN10030792,PENDINGREV,NW000429,Email,Email,06MAY2016:17:00:00,230
9370,IN10030858,PENDINGREV,DC000111,Data Centre Facilities Management,Data Centre Facilities Management,11NOV2016:14:55:58,100
9416,IN10030866,PENDINGREV,DC000141,Middleware,Middleware,08NOV2016:10:37:07,342
9417,IN10030866,PENDINGREV,ESI00011,Other Activities,Other - Service Management,14NOV2016:13:19:10,39
9418,IN10030866,PENDINGREV,NW000405,Intra-building Network Services,IBN - GC LAN,17NOV2016:10:42:59,0
9429,IN10030867,PENDINGREV,ITS00308,Other Activities,Other - Security,10NOV2016:09:37:48,669
9475,IN10030877,PENDINGREV,DC000141,Middleware,Middleware,08NOV2016:10:45:34,883
9573,IN10030898,PENDINGREV,NW000408,Fixed Line,Fixed - VoIP,03MAY2016:12:02:51,0
9662,IN10030916,PENDINGREV,ITS00304,Other Activities,Other - Security,08NOV2016:10:48:01,110
9869,IN10030960,PENDINGREV,ENT00039,GC WAN,GC WAN,08NOV2016:10:57:08,409
9870,IN10030960,PENDINGREV,ESI00011,Other Activities,Other - Service Management,09JAN2017:13:02:35,7
10001,IN10030984,PENDINGREV,NW000405,Intra-building Network Services,IBN - GC LAN,06MAY2016:11:39:01,18
10214,IN10031031,PENDINGREV,EDC00008,Email,Email,05MAY2016:09:37:26,0
10283,IN10031047,PENDINGREV,NW000431,GC WAN,GC WAN,31MAY2016:07:59:36,72
10472,IN10031089,PENDINGREV,ENT00009,Mobile Devices,Mobile Devices,12NOV2016:15:12:46,116
10627,IN10031123,PENDINGREV,DC000132,High-performance Computing,High-performance Computing,08NOV2016:11:02:54,1231
10651,IN10031129,PENDINGREV,DC000107,Data Centre Facilities Management,Data Centre Facilities Management,08NOV2016:11:05:38,662
10652,IN10031129,PENDINGREV,EDC00066,Other Activities,Other - Service Management,20JAN2017:12:03:05,1089
10653,IN10031129,PENDINGREV,NW000405,Intra-building Network Services,IBN - GC LAN,20JAN2017:12:51:56,230
10907,IN10031197,PENDINGREV,EDC00098,Other Activities,Other - Security,08NOV2016:11:18:07,491
10908,IN10031197,PENDINGREV,ESI00011,Other Activities,Other - Service Management,13JAN2017:13:11:25,49
11056,IN10031229,PENDINGREV,NW000403,Intra-building Network Services,IBN - GC LAN,01JUN2016:17:47:58,166
11242,IN10031264,PENDINGREV,NW000408,Fixed Line,Fixed - VoIP,06JUN2016:07:25:03,70
11243,IN10031264,PENDINGREV,DC000110,Data Centre Facilities Management,Data Centre Facilities Management,06JUN2016:08:20:16,70
11244,IN10031264,PENDINGREV,ESI00011,Other Activities,Other - Service Management,06JUN2016:08:25:57,70
11245,IN10031264,PENDINGREV,NW000412,Fixed Line,Fixed Line,11JUN2016:07:26:45,21
11336,IN10031284,PENDINGREV,NW000412,Fixed Line,Fixed Line,12NOV2016:15:39:52,13
11510,IN10031320,PENDINGREV,NW000451,Intra-building Network Services,IBN - GC LAN,08NOV2016:11:30:16,109
11773,IN10031378,PENDINGREV,ENT00009,Mobile Devices,Mobile Devices,12NOV2016:16:03:05,475
11774,IN10031378,PENDINGREV,ESI00011,Other Activities,Other - Service Management,20DEC2016:14:09:37,13
12329,IN10031508,PENDINGREV,NW000451,Intra-building Network Services,IBN - GC LAN,08NOV2016:11:34:05,109
12638,IN10031579,PENDINGREV,DC000115,Midrange,Midrange - Windows -X86,12MAY2016:11:33:38,19
12695,IN10031590,PENDINGREV,NW000431,GC WAN,GC WAN,13MAY2016:12:00:00,2
12712,IN10031593,PENDINGREV,DC000113,Midrange,Midrange,08NOV2016:11:37:47,240
12734,IN10031598,PENDINGREV,DC000170,Data Centre Facilities Management,Data Centre Facilities Management,08NOV2016:11:40:17,5
12747,IN10031600,PENDINGREV,DC000115,Midrange,Midrange - Windows -X86,08NOV2016:12:07:09,441
12771,IN10031609,PENDINGREV,ITS00308,Other Activities,Other - Security,13JUN2016:10:32:12,0
12858,IN10031627,PENDINGREV,NW000420,Intra-building Network Services,Intra-building Network Services,12MAY2016:15:18:43,0
12929,IN10031645,PENDINGREV,ITS00309,Secure Remote Access,Secure Remote Access,12MAY2016:20:14:53,2
12930,IN10031645,PENDINGREV,ITS00307,Secure Remote Access,Secure Remote Access,13MAY2016:07:54:06,0
13044,IN10031674,PENDINGREV,ENT00009,Mobile Devices,Mobile Devices,11NOV2016:16:34:10,384
13045,IN10031674,PENDINGREV,ESI00011,Other Activities,Other - Service Management,04JAN2017:09:41:18,41
13063,IN10031679,PENDINGREV,ENT00040,Other Activities,Other - Internal Services & Strategy,08NOV2016:13:55:30,239
13151,IN10031699,PENDINGREV,NW000428,Email,Email,08NOV2016:13:35:14,45
13152,IN10031699,PENDINGREV,EDC00006,Mobile Devices,Mobile - Enterprise Mobile Device Management (EMDM),08NOV2016:14:28:52,44
13153,IN10031699,PENDINGREV,ESI00011,Other Activities,Other - Service Management,09NOV2016:08:28:21,40
13164,IN10031702,PENDINGREV,DC000127,High-performance Computing,HPC -Big Data Exchange,13MAY2016:16:13:45,0
13227,IN10031713,PENDINGREV,ITS00306,Other Activities,Other - Security,08NOV2016:14:06:37,277
13404,IN10031753,PENDINGREV,NW000409,Mobile Devices,Mobile - Mobile Device - Government Cellular Services,12NOV2016:16:40:47,10
13435,IN10031759,PENDINGREV,NDS00033,Other Activities,Other - Security,08NOV2016:14:23:16,0
13690,IN10031819,PENDINGREV,NW000408,Fixed Line,Fixed - VoIP,20JUN2016:12:59:08,0
13821,IN10031847,PENDINGREV,DC000113,Midrange,Midrange,08NOV2016:14:31:47,301
13822,IN10031847,PENDINGREV,ESI00011,Other Activities,Other - Service Management,19DEC2016:10:20:50,25
13856,IN10031855,PENDINGREV,DC000132,High-performance Computing,High-performance Computing,16MAY2016:19:50:33,0
13881,IN10031860,PENDINGREV,ITS00308,Other Activities,Other - Security,09NOV2016:09:13:40,955
13893,IN10031862,PENDINGREV,DC000127,High-performance Computing,HPC -Big Data Exchange,16MAY2016:13:58:58,25
14210,IN10031950,PENDINGREV,NW000408,Fixed Line,Fixed - VoIP,17MAY2016:13:18:40,11
14447,IN10032006,PENDINGREV,DC000127,High-performance Computing,HPC -Big Data Exchange,20MAY2016:09:38:55,51
14598,IN10032044,PENDINGREV,ESI00026,Other Activities,Other - Internal Services & Strategy,08NOV2016:13:38:31,240
14617,IN10032049,PENDINGREV,EDC00002,Midrange,Midrange - Windows -X86,18MAY2016:22:50:50,3
14700,IN10032067,PENDINGREV,EDC00001,Midrange,Midrange - Storage and Virtualization,14JUN2016:15:41:34,223
14701,IN10032067,PENDINGREV,DC000156,Midrange,Midrange - Windows -X86,15JUN2016:11:45:17,217
14753,IN10032083,PENDINGREV,EDC00002,Midrange,Midrange - Windows -X86,19MAY2016:13:50:34,13
14871,IN10032112,PENDINGREV,DC000107,Data Centre Facilities Management,Data Centre Facilities Management,10NOV2016:09:39:04,464
15034,IN10032154,PENDINGREV,NW000403,Intra-building Network Services,IBN - GC LAN,09NOV2016:09:20:27,547
15035,IN10032154,PENDINGREV,DC000111,Data Centre Facilities Management,Data Centre Facilities Management,03JAN2017:12:05:28,194
15068,IN10032159,PENDINGREV,NW000400,Intra-building Network Services,IBN - Data Centre Network,08NOV2016:13:41:01,294
15069,IN10032159,PENDINGREV,NW000459,GC WAN,GC WAN,23NOV2016:18:32:40,207
15104,IN10032166,PENDINGREV,NW000414,Contact Centre,Contact Centre,09NOV2016:09:26:22,15
15173,IN10032178,PENDINGREV,NW000417,GC WAN,GC WAN,22MAY2016:13:01:16,20
15194,IN10032184,PENDINGREV,NW000417,GC WAN,GC WAN,22MAY2016:13:07:06,20
15271,IN10032204,PENDINGREV,NW000417,GC WAN,GC WAN,21MAY2016:19:12:11,20
15416,IN10032240,PENDINGREV,NW000408,Fixed Line,Fixed - VoIP,26MAY2016:13:30:57,106
15417,IN10032240,PENDINGREV,NW000412,Fixed Line,Fixed Line,26MAY2016:14:00:16,106
15617,IN10032291,PENDINGREV,EDC00010,Directory Services,Directory Services,11NOV2016:08:45:45,1
15692,IN10032306,PENDINGREV,ESI00026,Other Activities,Other - Internal Services & Strategy,09NOV2016:09:42:25,481
15693,IN10032306,PENDINGREV,ESI00019,Other Activities,Other - Service Management,05JAN2017:17:25:22,218
15717,IN10032310,PENDINGREV,NW000404,Intra-building Network Services,IBN - Cabling - Install and Material,08NOV2016:13:47:26,7
15724,IN10032311,PENDINGREV,DC000127,High-performance Computing,HPC -Big Data Exchange,25MAY2016:16:01:13,726
15761,IN10032319,PENDINGREV,ENT00009,Mobile Devices,Mobile Devices,11NOV2016:18:17:57,276
15812,IN10032330,PENDINGREV,DC000127,High-performance Computing,HPC -Big Data Exchange,25MAY2016:16:03:05,20
15823,IN10032332,PENDINGREV,NW000417,GC WAN,GC WAN,09NOV2016:09:48:24,12
15834,IN10032334,PENDINGREV,DC000127,High-performance Computing,HPC -Big Data Exchange,25MAY2016:16:00:20,9
15861,IN10032341,PENDINGREV,DC000127,High-performance Computing,HPC -Big Data Exchange,25MAY2016:16:02:42,20
15877,IN10032344,PENDINGREV,DC000127,High-performance Computing,HPC -Big Data Exchange,25MAY2016:15:59:38,19
15882,IN10032345,PENDINGREV,DC000111,Data Centre Facilities Management,Data Centre Facilities Management,25MAY2016:12:10:11,3
15936,IN10032357,PENDINGREV,DC000127,High-performance Computing,HPC -Big Data Exchange,25MAY2016:16:00:48,9
15985,IN10032369,PENDINGREV,ITS00308,Other Activities,Other - Security,09NOV2016:09:55:53,4
16045,IN10032382,PENDINGREV,ESI00011,Other Activities,Other - Service Management,08JUN2016:16:24:30,37
16123,IN10032399,PENDINGREV,NW000417,GC WAN,GC WAN,25MAY2016:20:48:36,7
16155,IN10032409,PENDINGREV,ITS00306,Other Activities,Other - Security,09NOV2016:10:20:50,1
16364,IN10032456,PENDINGREV,DC000111,Data Centre Facilities Management,Data Centre Facilities Management,30MAY2016:19:48:38,17
16419,IN10032470,PENDINGREV,ITS00308,Other Activities,Other - Security,09NOV2016:10:25:05,396
16438,IN10032473,PENDINGREV,NW000408,Fixed Line,Fixed - VoIP,26MAY2016:13:37:21,65
16620,IN10032514,PENDINGREV,NW000417,GC WAN,GC WAN,30MAY2016:09:06:06,42
16766,IN10032546,PENDINGREV,NW000417,GC WAN,GC WAN,09NOV2016:10:37:15,1120
16829,IN10032555,PENDINGREV,ENT00026,GC WAN,GC WAN,09NOV2016:10:42:18,347
16830,IN10032555,PENDINGREV,NW000400,Intra-building Network Services,IBN - Data Centre Network,08DEC2016:08:27:21,149
16831,IN10032555,PENDINGREV,ESI00046,Other Activities,Other - Service Management,09DEC2016:11:08:20,136
16832,IN10032555,PENDINGREV,ESI00011,Other Activities,Other - Service Management,22DEC2016:09:17:31,48
16833,IN10032555,PENDINGREV,NW000402,Intra-building Network Services,Intra-building Network Services,29DEC2016:14:24:45,13
16834,IN10032555,PENDINGREV,ESI00028,Other Activities,Other - Security,30DEC2016:10:10:03,1
17069,IN10032611,PENDINGREV,DC000115,Midrange,Midrange - Windows -X86,09NOV2016:10:45:01,6
17149,IN10032634,PENDINGREV,ITS00311,Other Activities,Other - Security,09NOV2016:10:54:25,332
17150,IN10032634,PENDINGREV,NW000429,Email,Email,29DEC2016:09:24:25,4
17155,IN10032636,PENDINGREV,DC000163,Other Activities,Other - Service Management,29MAY2016:16:51:57,7
17492,IN10032716,PENDINGREV,EDC00026,Data Centre Facilities Management,Facilities - Data Centre Facilities Power & Space,31MAY2016:11:27:48,9
17564,IN10032732,PENDINGREV,ENT00009,Mobile Devices,Mobile Devices,12NOV2016:16:53:10,116
17768,IN10032771,PENDINGREV,ITS00306,Other Activities,Other - Security,09NOV2016:10:56:53,1443
17769,IN10032771,PENDINGREV,ITS00309,Secure Remote Access,Secure Remote Access,10MAY2017:08:15:06,206
17770,IN10032771,PENDINGREV,ITS00332,Secure Remote Access,Secure Remote Access,08JUN2017:11:45:04,0
17858,IN10032795,PENDINGREV,DC000141,Middleware,Middleware,09NOV2016:11:02:49,942
17973,IN10032824,PENDINGREV,NW000403,Intra-building Network Services,IBN - GC LAN,01JUN2016:17:40:34,30
18062,IN10032842,PENDINGREV,NW000417,GC WAN,GC WAN,02JUN2016:10:35:36,16
18108,IN10032852,PENDINGREV,ESI00028,Other Activities,Other - Security,09NOV2016:11:10:24,1362
18492,IN10032944,PENDINGREV,ENT00009,Mobile Devices,Mobile Devices,12NOV2016:17:01:41,0
18493,IN10032944,PENDINGREV,NW000409,Mobile Devices,Mobile - Mobile Device - Government Cellular Services,20FEB2017:15:20:23,685
18557,IN10032961,PENDINGREV,NW000436,Fixed Line,Fixed Line,12NOV2016:17:18:23,261
18564,IN10032962,PENDINGREV,ESI00012,Other Activities,Other - Service Management,10NOV2016:09:43:50,123
18699,IN10032992,PENDINGREV,NW000415,GC WAN,GC WAN,10NOV2016:09:46:58,527
18700,IN10032992,PENDINGREV,NW000403,Intra-building Network Services,IBN - GC LAN,28NOV2016:11:42:33,415
18701,IN10032992,PENDINGREV,NW000417,GC WAN,GC WAN,12DEC2016:11:53:21,315
18710,IN10032994,PENDINGREV,NW000417,GC WAN,GC WAN,04JUN2016:11:16:19,5
18886,IN10033029,PENDINGREV,NW000417,GC WAN,GC WAN,05OCT2016:11:35:59,165
19003,IN10033054,PENDINGREV,DC000156,Midrange,Midrange - Windows -X86,06JUN2016:07:38:47,0
19013,IN10033056,PENDINGREV,NW000425,GC WAN,GC WAN,10NOV2016:09:49:41,8
19014,IN10033056,PENDINGREV,NW000431,GC WAN,GC WAN,10NOV2016:11:24:05,1
19526,IN10033178,PENDINGREV,NW000408,Fixed Line,Fixed - VoIP,07JUN2016:16:57:37,3
19622,IN10033198,PENDINGREV,NW000408,Fixed Line,Fixed - VoIP,14JUN2016:09:23:50,1
19628,IN10033199,PENDINGREV,NW000408,Fixed Line,Fixed - VoIP,14JUN2016:09:26:35,1
19634,IN10033200,PENDINGREV,NW000408,Fixed Line,Fixed - VoIP,14JUN2016:09:27:59,1
19930,IN10033270,PENDINGREV,NW000445,Intra-building Network Services,IBN - GC LAN,10NOV2016:09:53:10,494
19931,IN10033270,PENDINGREV,ENT00039,GC WAN,GC WAN,05JAN2017:09:16:41,135
19937,IN10033272,PENDINGREV,NW000417,GC WAN,GC WAN,10JUN2016:11:17:44,0
20061,IN10033302,PENDINGREV,DC000115,Midrange,Midrange - Windows -X86,09NOV2016:11:15:07,5
20111,IN10033315,PENDINGREV,NW000404,Intra-building Network Services,IBN - Cabling - Install and Material,21JUL2016:08:29:07,152
20225,IN10033348,PENDINGREV,DC000115,Midrange,Midrange - Windows -X86,18NOV2016:10:18:12,1228
20302,IN10033365,PENDINGREV,NW000417,GC WAN,GC WAN,10JUN2016:18:00:02,4
20493,IN10033409,PENDINGREV,NDS00033,Other Activities,Other - Security,09NOV2016:11:21:04,34
20899,IN10033517,PENDINGREV,DC000115,Midrange,Midrange - Windows -X86,09NOV2016:11:28:17,50
20933,IN10033525,PENDINGREV,EDC00002,Midrange,Midrange - Windows -X86,13JUN2016:16:37:13,113
20934,IN10033525,PENDINGREV,ESI00011,Other Activities,Other - Service Management,13JUN2016:16:37:48,434
21145,IN10033571,PENDINGREV,DC000115,Midrange,Midrange - Windows -X86,09NOV2016:11:40:54,5
21355,IN10033623,PENDINGREV,EDC00026,Data Centre Facilities Management,Facilities - Data Centre Facilities Power & Space,15JUN2016:11:54:16,0
21365,IN10033627,PENDINGREV,NW000452,Intra-building Network Services,IBN - GC LAN,17JUN2016:11:05:21,420
21606,IN10033683,PENDINGREV,NW000404,Intra-building Network Services,IBN - Cabling - Install and Material,07JUL2016:11:18:40,331
21607,IN10033683,PENDINGREV,NW000440,Fixed Line,Fixed - PBX,20JUL2016:13:39:58,239
21608,IN10033683,PENDINGREV,NW000412,Fixed Line,Fixed Line,21JUL2016:10:51:07,38
21717,IN10033705,PENDINGREV,NDS00033,Other Activities,Other - Security,09NOV2016:11:53:44,39
21965,IN10033764,PENDINGREV,NW000417,GC WAN,GC WAN,20JUN2016:08:26:28,0
21989,IN10033770,PENDINGREV,DC000115,Midrange,Midrange - Windows -X86,09NOV2016:11:58:09,838
22029,IN10033779,PENDINGREV,EDC00002,Midrange,Midrange - Windows -X86,17JUN2016:16:58:28,1
22080,IN10033790,PENDINGREV,NDS00033,Other Activities,Other - Security,09NOV2016:12:52:16,38
22113,IN10033798,PENDINGREV,ENT00008,Mobile Devices,Mobile Devices,12NOV2016:17:32:50,108
22114,IN10033798,PENDINGREV,ESI00011,Other Activities,Other - Service Management,28NOV2016:08:19:21,7
22224,IN10033824,PENDINGREV,NW000408,Fixed Line,Fixed - VoIP,20JUN2016:12:54:31,0
22360,IN10033853,PENDINGREV,DC000107,Data Centre Facilities Management,Data Centre Facilities Management,09NOV2016:13:02:10,230
22506,IN10033888,PENDINGREV,EDC00004,Midrange,Midrange - Storage and Virtualization,09NOV2016:13:08:09,320
22587,IN10033905,PENDINGREV,NW000412,Fixed Line,Fixed Line,09NOV2016:13:15:36,128
22762,IN10033952,PENDINGREV,DC000107,Data Centre Facilities Management,Data Centre Facilities Management,09NOV2016:13:22:56,230
22889,IN10033979,PENDINGREV,EDC00031,Other Activities,Other - Service Management,09NOV2016:13:31:01,0
22935,IN10033988,PENDINGREV,NW000410,Conferencing Services,Conferencing - Videoconferencing,14NOV2016:14:24:28,36
22982,IN10033998,PENDINGREV,DC000113,Midrange,Midrange,22JUN2016:09:43:53,1093
22983,IN10033998,PENDINGREV,SM000500,Other Activities,Other - Account & Service Delivery Management,22JUN2016:09:44:47,1093
23052,IN10034011,PENDINGREV,DC000111,Data Centre Facilities Management,Data Centre Facilities Management,09NOV2016:13:36:58,845
23058,IN10034012,PENDINGREV,NW000453,Intra-building Network Services,IBN - GC LAN,24JUN2016:09:07:01,897
23181,IN10034040,PENDINGREV,DC000146,Other Activities,Other - Project Management & Delivery,09NOV2016:13:42:38,285
23224,IN10034050,PENDINGREV,NW000412,Fixed Line,Fixed Line,23JUN2016:09:36:02,5
23272,IN10034060,PENDINGREV,NW000450,Intra-building Network Services,IBN - GC LAN,09NOV2016:13:53:22,0
23273,IN10034060,PENDINGREV,NW000417,GC WAN,GC WAN,10NOV2016:04:56:51,1
23293,IN10034064,PENDINGREV,ESI00026,Other Activities,Other - Internal Services & Strategy,27OCT2016:07:53:49,389
23342,IN10034077,PENDINGREV,ESI00026,Other Activities,Other - Internal Services & Strategy,27OCT2016:07:52:28,389
23373,IN10034086,PENDINGREV,NDS00032,Midrange,Midrange - Windows -X86,09NOV2016:14:07:23,52
23401,IN10034093,PENDINGREV,DC000111,Data Centre Facilities Management,Data Centre Facilities Management,09NOV2016:14:10:04,307
23578,IN10034129,PENDINGREV,DC000176,Storage,Storage,09NOV2016:14:14:20,986
23591,IN10034131,PENDINGREV,NW000417,GC WAN,GC WAN,11JUL2016:13:02:46,29
23648,IN10034143,PENDINGREV,NW000452,Intra-building Network Services,IBN - GC LAN,09NOV2016:14:20:10,577
23670,IN10034148,PENDINGREV,DC000113,Midrange,Midrange,10NOV2016:09:56:10,19
23683,IN10034151,PENDINGREV,NW000441,GC WAN,GC WAN,09NOV2016:14:25:22,94
23874,IN10034192,PENDINGREV,DC000113,Midrange,Midrange,27JUN2016:09:13:49,3
23875,IN10034192,PENDINGREV,DC000111,Data Centre Facilities Management,Data Centre Facilities Management,27JUN2016:09:14:21,3
23968,IN10034212,PENDINGREV,ITS00308,Other Activities,Other - Security,09NOV2016:14:30:19,52
23969,IN10034212,PENDINGREV,NW000417,GC WAN,GC WAN,09NOV2016:14:40:37,51
24085,IN10034240,PENDINGREV,DC000141,Middleware,Middleware,10NOV2016:09:56:39,1603
24152,IN10034253,PENDINGREV,ITS00306,Other Activities,Other - Security,09NOV2016:14:39:08,860
24341,IN10034291,PENDINGREV,SM000502,Other Activities,Other - Service Management,10NOV2016:10:06:24,114
24456,IN10034317,PENDINGREV,ITS00306,Other Activities,Other - Security,04JUL2016:07:43:30,76
24499,IN10034324,PENDINGREV,DC000107,Data Centre Facilities Management,Data Centre Facilities Management,10NOV2016:10:09:28,347
24500,IN10034324,PENDINGREV,ESI00011,Other Activities,Other - Service Management,23DEC2016:15:02:05,25
24519,IN10034327,PENDINGREV,DC000128,High-performance Computing,High-performance Computing,29JUN2016:16:56:43,28
24568,IN10034336,PENDINGREV,NW000405,Intra-building Network Services,IBN - GC LAN,28JUN2016:07:17:14,13
24935,IN10034433,PENDINGREV,DC000119,Other Activities,Other - Data Centre,18AUG2016:10:51:43,472
25011,IN10034451,PENDINGREV,NW000439,Fixed Line,Fixed - VoIP,29JUN2016:13:32:09,187
25031,IN10034456,PENDINGREV,ITS00309,Secure Remote Access,Secure Remote Access,10NOV2016:13:27:17,38
25032,IN10034456,PENDINGREV,ESI00049,Other Activities,Other - Security,16NOV2016:16:31:42,5
25033,IN10034456,PENDINGREV,ESI00011,Other Activities,Other - Service Management,17NOV2016:09:33:09,2
25061,IN10034462,PENDINGREV,DC000130,High-performance Computing,HPC - Interaction & Visualization,29JUN2016:12:57:27,1
25370,IN10034537,PENDINGREV,ITS00308,Other Activities,Other - Security,10NOV2016:10:20:01,17
25401,IN10034543,PENDINGREV,ITS00306,Other Activities,Other - Security,10NOV2016:13:29:18,1595
25402,IN10034543,PENDINGREV,ITS00309,Secure Remote Access,Secure Remote Access,10MAY2017:08:17:57,370
25655,IN10034596,PENDINGREV,DC000107,Data Centre Facilities Management,Data Centre Facilities Management,10NOV2016:10:39:55,463
25682,IN10034601,PENDINGREV,NW000407,Intra-building Network Services,IBN - GC LAN,10NOV2016:10:41:47,102
25714,IN10034607,PENDINGREV,NW000404,Intra-building Network Services,IBN - Cabling - Install and Material,21JUL2016:08:29:40,152
25735,IN10034611,PENDINGREV,DC000133,High-performance Computing,High-performance Computing,03JUL2016:22:42:25,7
25936,IN10034662,PENDINGREV,DC000115,Midrange,Midrange - Windows -X86,10NOV2016:10:42:53,278
25971,IN10034672,PENDINGREV,NW000405,Intra-building Network Services,IBN - GC LAN,04JUL2016:12:36:04,19
25994,IN10034678,PENDINGREV,ESI00011,Other Activities,Other - Service Management,27OCT2016:20:27:09,8
26116,IN10034704,PENDINGREV,DC000119,Other Activities,Other - Data Centre,10NOV2016:11:00:04,38
26152,IN10034714,PENDINGREV,NDS00033,Other Activities,Other - Security,10NOV2016:11:03:12,30
26173,IN10034718,PENDINGREV,DC000127,High-performance Computing,HPC -Big Data Exchange,05JUL2016:16:09:00,448
26179,IN10034719,PENDINGREV,DC000130,High-performance Computing,HPC - Interaction & Visualization,05JUL2016:11:44:44,0
26369,IN10034771,PENDINGREV,NW000451,Intra-building Network Services,IBN - GC LAN,11NOV2016:08:50:50,280
26436,IN10034789,PENDINGREV,ITS00306,Other Activities,Other - Security,11NOV2016:08:56:53,1608
26449,IN10034791,PENDINGREV,ITS00306,Other Activities,Other - Security,11NOV2016:09:02:55,353
26450,IN10034791,PENDINGREV,ESI00011,Other Activities,Other - Service Management,30DEC2016:10:42:24,29
26451,IN10034791,PENDINGREV,ESI00028,Other Activities,Other - Security,03JAN2017:12:23:20,0
26683,IN10034861,PENDINGREV,NW000429,Email,Email,10NOV2016:11:08:41,869
26807,IN10034890,PENDINGREV,NW000409,Mobile Devices,Mobile - Mobile Device - Government Cellular Services,12NOV2016:17:40:57,261
26818,IN10034892,PENDINGREV,DC000127,High-performance Computing,HPC -Big Data Exchange,08JUL2016:16:25:41,549
26854,IN10034898,PENDINGREV,NW000409,Mobile Devices,Mobile - Mobile Device - Government Cellular Services,12AUG2016:10:36:44,99
27162,IN10034974,PENDINGREV,DC000114,Midrange,Midrange,10NOV2016:11:11:41,639
27181,IN10034978,PENDINGREV,NW000431,GC WAN,GC WAN,11JUL2016:07:16:12,50
27214,IN10034985,PENDINGREV,ITS00309,Secure Remote Access,Secure Remote Access,10NOV2016:13:20:12,44
27215,IN10034985,PENDINGREV,ESI00049,Other Activities,Other - Security,16NOV2016:16:33:43,11
27216,IN10034985,PENDINGREV,ESI00011,Other Activities,Other - Service Management,17NOV2016:09:29:57,8
27217,IN10034985,PENDINGREV,ITS00307,Secure Remote Access,Secure Remote Access,17NOV2016:13:00:03,5
27218,IN10034985,PENDINGREV,ITS00332,Secure Remote Access,Secure Remote Access,17NOV2016:13:09:25,4
27327,IN10035014,PENDINGREV,DC000127,High-performance Computing,HPC -Big Data Exchange,11JUL2016:11:43:33,410
27471,IN10035049,PENDINGREV,DC000110,Data Centre Facilities Management,Data Centre Facilities Management,11JUL2016:15:16:57,0
27828,IN10035128,PENDINGREV,NW000417,GC WAN,GC WAN,13JUL2016:15:14:23,297
27829,IN10035128,PENDINGREV,ESI00011,Other Activities,Other - Service Management,18JUL2016:10:30:02,271
27835,IN10035129,PENDINGREV,NW000417,GC WAN,GC WAN,10NOV2016:11:23:58,1273
27879,IN10035138,PENDINGREV,EDC00054,Data Centre Facilities Management,Facilities - Data Centre Facilities Power & Space,25JUL2016:10:58:58,7
28141,IN10035205,PENDINGREV,NW000405,Intra-building Network Services,IBN - GC LAN,14JUL2016:07:07:42,0
28170,IN10035211,PENDINGREV,NW000410,Conferencing Services,Conferencing - Videoconferencing,10NOV2016:12:22:58,726
28171,IN10035211,PENDINGREV,ESI00011,Other Activities,Other - Service Management,16NOV2016:11:09:42,697
28172,IN10035211,PENDINGREV,NW000411,Mobile Devices,Mobile Devices,17NOV2016:10:50:22,688
28173,IN10035211,PENDINGREV,NW000412,Fixed Line,Fixed Line,01DEC2016:08:37:51,590
28174,IN10035211,PENDINGREV,NW000408,Fixed Line,Fixed - VoIP,01DEC2016:08:42:17,590
28175,IN10035211,PENDINGREV,NW000404,Intra-building Network Services,IBN - Cabling - Install and Material,19DEC2016:13:24:18,465
28383,IN10035259,PENDINGREV,NW000408,Fixed Line,Fixed - VoIP,15JUL2016:07:03:10,26
28389,IN10035260,PENDINGREV,NW000431,GC WAN,GC WAN,05AUG2016:13:11:50,42
28598,IN10035307,PENDINGREV,NW000417,GC WAN,GC WAN,15JUL2016:13:47:20,0
28620,IN10035312,PENDINGREV,NW000449,Intra-building Network Services,IBN - GC LAN,10NOV2016:12:29:49,120
28772,IN10035345,PENDINGREV,ESI00026,Other Activities,Other - Internal Services & Strategy,22JUL2016:11:19:34,93
28792,IN10035349,PENDINGREV,NDS00028,Intra-building Network Services,IBN - GC LAN,16JUL2016:00:08:12,4
28821,IN10035356,PENDINGREV,NW000429,Email,Email,10NOV2016:12:32:35,367
28895,IN10035371,PENDINGREV,NDS00033,Other Activities,Other - Security,10NOV2016:12:34:24,27
28909,IN10035375,PENDINGREV,NDS00033,Other Activities,Other - Security,10NOV2016:12:41:54,26
29262,IN10035474,PENDINGREV,NW000417,GC WAN,GC WAN,10NOV2016:12:45:59,1923
29267,IN10035475,PENDINGREV,NW000403,Intra-building Network Services,IBN - GC LAN,18JUL2016:13:59:11,0
29461,IN10035527,PENDINGREV,ITS00326,Other Activities,Other - Security,25AUG2016:10:39:19,0
29614,IN10035556,PENDINGREV,ESI00026,Other Activities,Other - Internal Services & Strategy,10NOV2016:12:49:20,68
29714,IN10035584,PENDINGREV,DC000163,Other Activities,Other - Service Management,20JUL2016:13:06:19,5
29855,IN10035615,PENDINGREV,NW000412,Fixed Line,Fixed Line,10NOV2016:12:57:21,0
29948,IN10035636,PENDINGREV,DC000113,Midrange,Midrange,21JUL2016:10:01:44,613
29971,IN10035641,PENDINGREV,DC000134,High-performance Computing,High-performance Computing,10NOV2016:13:17:26,310
29972,IN10035641,PENDINGREV,DC000131,High-performance Computing,High-performance Computing,15DEC2016:16:09:41,67
30067,IN10035663,PENDINGREV,NW000451,Intra-building Network Services,IBN - GC LAN,10NOV2016:13:23:01,536
30068,IN10035663,PENDINGREV,ESI00011,Other Activities,Other - Service Management,11JAN2017:08:03:21,141
30069,IN10035663,PENDINGREV,NW000403,Intra-building Network Services,IBN - GC LAN,11JAN2017:10:34:52,0
30241,IN10035700,PENDINGREV,NW000408,Fixed Line,Fixed - VoIP,22JUL2016:14:33:11,64
30266,IN10035704,PENDINGREV,NW000417,GC WAN,GC WAN,22JUL2016:08:26:18,5
30327,IN10035720,PENDINGREV,EDC00002,Midrange,Midrange - Windows -X86,22JUL2016:08:55:04,13
30340,IN10035724,PENDINGREV,DC000163,Other Activities,Other - Service Management,22JUL2016:09:59:18,0
30407,IN10035737,PENDINGREV,NW000417,GC WAN,GC WAN,22JUL2016:15:01:24,111
30589,IN10035780,PENDINGREV,DC000130,High-performance Computing,HPC - Interaction & Visualization,16NOV2016:09:19:36,5
30653,IN10035792,PENDINGREV,EDC00002,Midrange,Midrange - Windows -X86,24JUL2016:04:00:45,0
30667,IN10035795,PENDINGREV,EDC00002,Midrange,Midrange - Windows -X86,24JUL2016:10:22:03,0
30687,IN10035800,PENDINGREV,EDC00002,Midrange,Midrange - Windows -X86,24JUL2016:10:24:29,0
30692,IN10035801,PENDINGREV,EDC00002,Midrange,Midrange - Windows -X86,24JUL2016:10:28:39,0
30708,IN10035804,PENDINGREV,EDC00002,Midrange,Midrange - Windows -X86,24JUL2016:13:17:50,0
30739,IN10035811,PENDINGREV,EDC00002,Midrange,Midrange - Windows -X86,24JUL2016:17:49:01,1
30747,IN10035814,PENDINGREV,EDC00002,Midrange,Midrange - Windows -X86,24JUL2016:19:45:21,0
30756,IN10035817,PENDINGREV,EDC00002,Midrange,Midrange - Windows -X86,24JUL2016:20:38:41,1
30765,IN10035819,PENDINGREV,EDC00002,Midrange,Midrange - Windows -X86,25JUL2016:00:32:07,8
30770,IN10035820,PENDINGREV,DC000127,High-performance Computing,HPC -Big Data Exchange,24JUL2016:23:56:15,57
30775,IN10035821,PENDINGREV,EDC00002,Midrange,Midrange - Windows -X86,25JUL2016:00:34:08,8
30853,IN10035837,PENDINGREV,ESI00026,Other Activities,Other - Internal Services & Strategy,10NOV2016:14:00:47,66
31083,IN10035906,PENDINGREV,ESI00012,Other Activities,Other - Service Management,10NOV2016:14:04:10,459
31337,IN10035978,PENDINGREV,DC000141,Middleware,Middleware,10NOV2016:14:21:17,834
31392,IN10035992,PENDINGREV,EDC00002,Midrange,Midrange - Windows -X86,27JUL2016:11:12:39,7
31553,IN10036029,PENDINGREV,NW000408,Fixed Line,Fixed - VoIP,29JUL2016:13:38:37,0
31719,IN10036070,PENDINGREV,ESI00028,Other Activities,Other - Security,10NOV2016:14:36:23,0
31876,IN10036103,PENDINGREV,ENT00009,Mobile Devices,Mobile Devices,12NOV2016:18:15:48,116
31989,IN10036149,PENDINGREV,EDC00076,Other Activities,Other - Service Management,10NOV2016:14:42:01,99
32046,IN10036161,PENDINGREV,ITS00306,Other Activities,Other - Security,11NOV2016:09:13:09,12
32078,IN10036167,PENDINGREV,ESI00012,Other Activities,Other - Service Management,11NOV2016:09:16:47,1
32138,IN10036181,PENDINGREV,NW000431,GC WAN,GC WAN,10AUG2016:15:31:10,41
32268,IN10036209,PENDINGREV,NW000445,Intra-building Network Services,IBN - GC LAN,05AUG2016:08:54:30,355
32269,IN10036209,PENDINGREV,NW000404,Intra-building Network Services,IBN - Cabling - Install and Material,08AUG2016:14:33:38,167
32294,IN10036214,PENDINGREV,NW000412,Fixed Line,Fixed Line,11NOV2016:09:18:27,72
32307,IN10036217,PENDINGREV,NDS00033,Other Activities,Other - Security,12NOV2016:18:18:01,22
32312,IN10036218,PENDINGREV,NW000452,Intra-building Network Services,IBN - GC LAN,11NOV2016:09:29:21,293
32515,IN10036263,PENDINGREV,SM000542,Other Activities,Other - Service Management,12NOV2016:18:24:05,72
32533,IN10036267,PENDINGREV,ITS00306,Other Activities,Other - Security,11NOV2016:09:34:28,342
32703,IN10036307,PENDINGREV,NW000451,Intra-building Network Services,IBN - GC LAN,11NOV2016:09:37:46,134
32704,IN10036307,PENDINGREV,DC000111,Data Centre Facilities Management,Data Centre Facilities Management,14NOV2016:18:38:42,334
32705,IN10036307,PENDINGREV,ESI00011,Other Activities,Other - Service Management,30NOV2016:19:34:20,214
32761,IN10036321,PENDINGREV,EDC00098,Other Activities,Other - Security,02AUG2016:13:40:31,0
33037,IN10036379,PENDINGREV,DC000141,Middleware,Middleware,11NOV2016:09:40:48,147
33072,IN10036386,PENDINGREV,ITS00306,Other Activities,Other - Security,11NOV2016:09:47:55,271
33111,IN10036396,PENDINGREV,EDC00002,Midrange,Midrange - Windows -X86,03AUG2016:16:52:01,30
33192,IN10036427,PENDINGREV,NW000436,Fixed Line,Fixed Line,11NOV2016:09:54:51,102
33235,IN10036434,PENDINGREV,DC000149,Mainframe,Mainframe,22NOV2016:09:40:27,315
33236,IN10036434,PENDINGREV,ESI00011,Other Activities,Other - Service Management,20DEC2016:09:14:14,0
33337,IN10036453,PENDINGREV,DC000110,Data Centre Facilities Management,Data Centre Facilities Management,11AUG2016:14:03:02,11
33378,IN10036461,PENDINGREV,NW000403,Intra-building Network Services,IBN - GC LAN,11NOV2016:10:25:47,641
33404,IN10036466,PENDINGREV,ENT00039,GC WAN,GC WAN,11NOV2016:11:03:44,1205
33673,IN10036528,PENDINGREV,ITS00326,Other Activities,Other - Security,11NOV2016:11:06:43,293
33782,IN10036552,PENDINGREV,ITS00306,Other Activities,Other - Security,11NOV2016:11:11:41,94
33813,IN10036557,PENDINGREV,ENT00008,Mobile Devices,Mobile Devices,12NOV2016:18:41:07,663
33814,IN10036557,PENDINGREV,ESI00011,Other Activities,Other - Service Management,28NOV2016:08:21:04,562
33815,IN10036557,PENDINGREV,ITS00308,Other Activities,Other - Security,28NOV2016:11:54:01,559
33827,IN10036559,PENDINGREV,ITS00322,Directory Services,Directory Services,11NOV2016:11:29:15,345
33841,IN10036562,PENDINGREV,NW000403,Intra-building Network Services,IBN - GC LAN,11NOV2016:11:34:40,933
33944,IN10036581,PENDINGREV,NW000403,Intra-building Network Services,IBN - GC LAN,11NOV2016:11:40:41,230
33961,IN10036584,PENDINGREV,DC000179,Storage,Storage,11NOV2016:11:46:39,10
34224,IN10036641,PENDINGREV,DC000163,Other Activities,Other - Service Management,07AUG2016:03:20:14,6
34225,IN10036641,PENDINGREV,DC000133,High-performance Computing,High-performance Computing,08AUG2016:13:00:12,6
34327,IN10036664,PENDINGREV,DC000127,High-performance Computing,HPC -Big Data Exchange,08AUG2016:10:00:19,206
34602,IN10036723,PENDINGREV,DC000130,High-performance Computing,HPC - Interaction & Visualization,08AUG2016:21:42:27,1
34865,IN10036783,PENDINGREV,ESI00026,Other Activities,Other - Internal Services & Strategy,11NOV2016:12:29:43,577
34866,IN10036783,PENDINGREV,ESI00012,Other Activities,Other - Service Management,21NOV2016:12:54:44,105
35054,IN10036821,PENDINGREV,ESI00045,Other Activities,Other - Service Management,11NOV2016:12:31:50,115
35061,IN10036822,PENDINGREV,ESI00045,Other Activities,Other - Service Management,11NOV2016:12:39:18,115
35068,IN10036823,PENDINGREV,ESI00045,Other Activities,Other - Service Management,11NOV2016:12:42:22,115
35075,IN10036824,PENDINGREV,ESI00045,Other Activities,Other - Service Management,11NOV2016:12:50:08,115
35082,IN10036825,PENDINGREV,ESI00045,Other Activities,Other - Service Management,11NOV2016:13:37:29,115
35089,IN10036826,PENDINGREV,ESI00045,Other Activities,Other - Service Management,11NOV2016:13:44:29,115
35096,IN10036827,PENDINGREV,ESI00045,Other Activities,Other - Service Management,11NOV2016:13:52:12,60
35104,IN10036828,PENDINGREV,ESI00045,Other Activities,Other - Service Management,11NOV2016:14:24:07,60
35105,IN10036828,PENDINGREV,ESI00011,Other Activities,Other - Service Management,21NOV2016:12:29:30,4
35112,IN10036829,PENDINGREV,ESI00045,Other Activities,Other - Service Management,11NOV2016:14:29:04,60
35113,IN10036829,PENDINGREV,ESI00011,Other Activities,Other - Service Management,21NOV2016:12:24:07,5
35182,IN10036841,PENDINGREV,EU000203,Storage,Storage - File,13SEP2016:13:39:52,31
35183,IN10036841,PENDINGREV,EDC00066,Other Activities,Other - Service Management,16SEP2016:15:04:11,0
35332,IN10036872,PENDINGREV,DC000113,Midrange,Midrange,11NOV2016:14:32:15,59
35453,IN10036898,PENDINGREV,NW000415,GC WAN,GC WAN,11NOV2016:14:40:03,1015
35454,IN10036898,PENDINGREV,NW000403,Intra-building Network Services,IBN - GC LAN,28NOV2016:11:39:12,911
35475,IN10036902,PENDINGREV,DC000110,Data Centre Facilities Management,Data Centre Facilities Management,11AUG2016:09:18:04,1
35534,IN10036913,PENDINGREV,NW000409,Mobile Devices,Mobile - Mobile Device - Government Cellular Services,16AUG2016:10:45:52,202
35675,IN10036942,PENDINGREV,NW000431,GC WAN,GC WAN,12AUG2016:14:36:02,0
35787,IN10036969,PENDINGREV,ITS00311,Other Activities,Other - Security,11NOV2016:14:46:39,376
35788,IN10036969,PENDINGREV,ITS00326,Other Activities,Other - Security,20DEC2016:14:38:40,108
35846,IN10036980,PENDINGREV,NW000417,GC WAN,GC WAN,15AUG2016:07:14:08,139
36022,IN10037020,PENDINGREV,NW000464,Email,Email,11NOV2016:14:52:48,129
36043,IN10037025,PENDINGREV,ITS00306,Other Activities,Other - Security,12NOV2016:18:57:28,20
36071,IN10037030,PENDINGREV,DC000110,Data Centre Facilities Management,Data Centre Facilities Management,12AUG2016:15:09:09,4
36111,IN10037041,PENDINGREV,ENT00008,Mobile Devices,Mobile Devices,11NOV2016:15:23:21,384
36112,IN10037041,PENDINGREV,ESI00011,Other Activities,Other - Service Management,28NOV2016:08:20:26,93
36114,IN10037041,PENDINGREV,DC000104,Data Centre Facilities Management,Data Centre Facilities Management,28NOV2016:11:08:44,280
36115,IN10037041,PENDINGREV,ESI00043,Other Activities,Other - Service Management,28NOV2016:14:38:34,246
36141,IN10037046,PENDINGREV,DC000132,High-performance Computing,High-performance Computing,15AUG2016:08:49:42,1
36371,IN10037096,PENDINGREV,NW000433,GC WAN,GC WAN,12NOV2016:19:18:50,1
36429,IN10037111,PENDINGREV,NW000452,Intra-building Network Services,IBN - GC LAN,15AUG2016:11:08:00,20
36542,IN10037139,PENDINGREV,DC000131,High-performance Computing,High-performance Computing,15AUG2016:13:06:05,0
36630,IN10037155,PENDINGREV,NW000464,Email,Email,12NOV2016:19:31:18,128
36631,IN10037155,PENDINGREV,ESI00011,Other Activities,Other - Service Management,28NOV2016:15:22:21,19
36791,IN10037187,PENDINGREV,NW000412,Fixed Line,Fixed Line,12NOV2016:19:44:16,306
36792,IN10037187,PENDINGREV,ESI00011,Other Activities,Other - Service Management,20DEC2016:09:21:27,44
36958,IN10037222,PENDINGREV,NW000412,Fixed Line,Fixed Line,24AUG2016:09:27:58,54
36985,IN10037230,PENDINGREV,ITS00326,Other Activities,Other - Security,12NOV2016:19:49:39,232
37029,IN10037238,PENDINGREV,DC000130,High-performance Computing,HPC - Interaction & Visualization,16AUG2016:12:40:15,8
37070,IN10037249,PENDINGREV,ESI00011,Other Activities,Other - Service Management,27OCT2016:20:24:00,24
37111,IN10037257,PENDINGREV,NW000410,Conferencing Services,Conferencing - Videoconferencing,12NOV2016:20:05:09,23
37117,IN10037258,PENDINGREV,DC000132,High-performance Computing,High-performance Computing,16AUG2016:17:50:15,16
37127,IN10037260,PENDINGREV,NW000439,Fixed Line,Fixed - VoIP,23SEP2016:11:54:08,228
37171,IN10037272,PENDINGREV,DC000130,High-performance Computing,HPC - Interaction & Visualization,16AUG2016:22:24:35,4
37245,IN10037284,PENDINGREV,NW000403,Intra-building Network Services,IBN - GC LAN,12NOV2016:20:12:51,208
37259,IN10037286,PENDINGREV,DC000115,Midrange,Midrange - Windows -X86,18NOV2016:10:41:10,182
37695,IN10037377,PENDINGREV,NW000404,Intra-building Network Services,IBN - Cabling - Install and Material,07SEP2016:11:39:44,7
37702,IN10037378,PENDINGREV,NW000417,GC WAN,GC WAN,22NOV2016:14:13:44,465
37794,IN10037394,PENDINGREV,ITS00309,Secure Remote Access,Secure Remote Access,15NOV2016:10:33:31,45
37827,IN10037399,PENDINGREV,DC000130,High-performance Computing,HPC - Interaction & Visualization,18AUG2016:14:40:12,1
37855,IN10037406,PENDINGREV,DC000129,High-performance Computing,High-performance Computing,18AUG2016:09:53:54,3
37856,IN10037406,PENDINGREV,DC000127,High-performance Computing,HPC -Big Data Exchange,18AUG2016:11:13:07,1
37888,IN10037411,PENDINGREV,NW000459,GC WAN,GC WAN,24AUG2016:14:09:00,0
37913,IN10037416,PENDINGREV,NDS00032,Midrange,Midrange - Windows -X86,18AUG2016:16:13:31,11
37940,IN10037422,PENDINGREV,ESI00026,Other Activities,Other - Internal Services & Strategy,15NOV2016:10:42:36,54
38075,IN10037457,PENDINGREV,ITS00326,Other Activities,Other - Security,15NOV2016:10:46:48,202
38123,IN10037467,PENDINGREV,ESI00028,Other Activities,Other - Security,15NOV2016:10:52:19,244
38240,IN10037490,PENDINGREV,NW000410,Conferencing Services,Conferencing - Videoconferencing,15NOV2016:11:05:39,9
38286,IN10037501,PENDINGREV,ITS00306,Other Activities,Other - Security,15NOV2016:11:07:50,353
38287,IN10037501,PENDINGREV,ESI00011,Other Activities,Other - Service Management,30DEC2016:10:44:42,44
38361,IN10037522,PENDINGREV,NW000403,Intra-building Network Services,IBN - GC LAN,15NOV2016:11:18:18,832
38448,IN10037542,PENDINGREV,NDS00033,Other Activities,Other - Security,15NOV2016:11:28:31,3
38586,IN10037574,PENDINGREV,NDS00033,Other Activities,Other - Security,15NOV2016:11:36:25,8
38769,IN10037617,PENDINGREV,DC000115,Midrange,Midrange - Windows -X86,22NOV2016:09:46:08,147
38899,IN10037641,PENDINGREV,NW000424,GC WAN,GC WAN National,22NOV2016:09:51:02,113
38941,IN10037649,PENDINGREV,NW000414,Contact Centre,Contact Centre,22NOV2016:10:04:58,1
38967,IN10037653,PENDINGREV,ITS00306,Other Activities,Other - Security,22NOV2016:10:11:07,40
38978,IN10037655,PENDINGREV,DC000132,High-performance Computing,High-performance Computing,23AUG2016:04:53:35,53
39039,IN10037668,PENDINGREV,NW000403,Intra-building Network Services,IBN - GC LAN,22NOV2016:14:17:56,156
39040,IN10037668,PENDINGREV,ESI00011,Other Activities,Other - Service Management,08DEC2016:10:11:23,20
39041,IN10037668,PENDINGREV,NW000417,GC WAN,GC WAN,09DEC2016:12:33:57,0
39192,IN10037703,PENDINGREV,DC000119,Other Activities,Other - Data Centre,25AUG2016:10:55:19,7
39295,IN10037722,PENDINGREV,NW000452,Intra-building Network Services,IBN - GC LAN,22NOV2016:10:30:36,5
39891,IN10037865,PENDINGREV,ITS00306,Other Activities,Other - Security,15NOV2016:11:53:36,256
39900,IN10037866,PENDINGREV,NW000403,Intra-building Network Services,IBN - GC LAN,22NOV2016:10:43:23,50
40009,IN10037891,PENDINGREV,DC000113,Midrange,Midrange,27AUG2016:01:30:43,52
40010,IN10037891,PENDINGREV,ESI00011,Other Activities,Other - Service Management,29AUG2016:16:38:03,42
40079,IN10037911,PENDINGREV,DC000119,Other Activities,Other - Data Centre,28AUG2016:23:23:17,5
40176,IN10037935,PENDINGREV,NW000417,GC WAN,GC WAN,29AUG2016:12:03:31,94
40209,IN10037949,PENDINGREV,NW000412,Fixed Line,Fixed Line,15NOV2016:15:18:01,137
40284,IN10037966,PENDINGREV,DC000147,Mainframe,Mainframe,18NOV2016:10:59:46,310
40348,IN10037979,PENDINGREV,NW000405,Intra-building Network Services,IBN - GC LAN,31AUG2016:09:45:04,62
40386,IN10037987,PENDINGREV,NW000445,Intra-building Network Services,IBN - GC LAN,22NOV2016:10:47:29,288
40441,IN10038004,PENDINGREV,ITS00309,Secure Remote Access,Secure Remote Access,18NOV2016:09:14:34,143
40464,IN10038008,PENDINGREV,DC000141,Middleware,Middleware,18NOV2016:09:18:23,832
40469,IN10038009,PENDINGREV,ITS00306,Other Activities,Other - Security,16NOV2016:09:23:57,6
40604,IN10038038,PENDINGREV,ESI00026,Other Activities,Other - Internal Services & Strategy,08SEP2016:14:42:18,224
40624,IN10038041,PENDINGREV,DC000141,Middleware,Middleware,16NOV2016:09:30:27,0
40700,IN10038058,PENDINGREV,DC000123,0,Data Centre Services,16NOV2016:09:45:37,118
40701,IN10038058,PENDINGREV,SM000512,Other Activities,Other - Service Management,01DEC2016:14:47:51,3
40702,IN10038058,PENDINGREV,DC000113,Midrange,Midrange,01DEC2016:16:37:31,1
40728,IN10038063,PENDINGREV,DC000119,Other Activities,Other - Data Centre,30AUG2016:16:36:36,5
41130,IN10038157,PENDINGREV,NW000464,Email,Email,16NOV2016:09:55:33,106
41228,IN10038179,PENDINGREV,NW000412,Fixed Line,Fixed Line,04OCT2016:15:15:25,2
41288,IN10038190,PENDINGREV,ITS00308,Other Activities,Other - Security,08NOV2016:09:35:42,0
41289,IN10038190,PENDINGREV,EDC00006,Mobile Devices,Mobile - Enterprise Mobile Device Management (EMDM),08NOV2016:10:06:21,25
41358,IN10038205,PENDINGREV,ITS00308,Other Activities,Other - Security,16NOV2016:09:59:20,334
41359,IN10038205,PENDINGREV,NW000404,Intra-building Network Services,IBN - Cabling - Install and Material,04JAN2017:09:21:05,15
41360,IN10038205,PENDINGREV,NW000405,Intra-building Network Services,IBN - GC LAN,04JAN2017:10:43:05,14
41564,IN10038245,PENDINGREV,DC000141,Middleware,Middleware,15NOV2016:16:23:30,120
41565,IN10038245,PENDINGREV,SM000512,Other Activities,Other - Service Management,01DEC2016:14:48:58,1
41587,IN10038250,PENDINGREV,NW000440,Fixed Line,Fixed - PBX,02SEP2016:10:52:53,7
41662,IN10038264,PENDINGREV,NW000419,Satellite,Satellite,15NOV2016:16:26:20,0
41728,IN10038276,PENDINGREV,ITS00322,Directory Services,Directory Services,15NOV2016:16:42:01,264
41809,IN10038294,PENDINGREV,EDC00002,Midrange,Midrange - Windows -X86,03SEP2016:11:31:15,2
41845,IN10038304,PENDINGREV,NDS00033,Other Activities,Other - Security,15NOV2016:16:50:59,3
41911,IN10038319,PENDINGREV,DC000115,Midrange,Midrange - Windows -X86,04OCT2016:11:35:07,58
41957,IN10038329,PENDINGREV,DC000128,High-performance Computing,High-performance Computing,16NOV2016:10:03:59,239
42035,IN10038345,PENDINGREV,DC000115,Midrange,Midrange - Windows -X86,04OCT2016:11:32:52,58
42079,IN10038355,PENDINGREV,EDC00098,Other Activities,Other - Security,24OCT2016:08:30:27,0
42170,IN10038382,PENDINGREV,DC000111,Data Centre Facilities Management,Data Centre Facilities Management,16NOV2016:10:06:44,76
42208,IN10038390,PENDINGREV,NW000438,Intra-building Network Services,IBN - GC Wi-Fi,08SEP2016:11:47:38,98
42480,IN10038450,PENDINGREV,NW000409,Mobile Devices,Mobile - Mobile Device - Government Cellular Services,16NOV2016:10:54:06,421
42481,IN10038450,PENDINGREV,ENT00009,Mobile Devices,Mobile Devices,16NOV2016:12:59:15,419
42537,IN10038461,PENDINGREV,NW000435,Other Activities,Other - Telecom & Network,16NOV2016:10:57:10,440
42538,IN10038461,PENDINGREV,ESI00011,Other Activities,Other - Service Management,04JAN2017:13:41:18,117
42539,IN10038461,PENDINGREV,NW000405,Intra-building Network Services,IBN - GC LAN,05JAN2017:08:28:46,112
42540,IN10038461,PENDINGREV,DC000115,Midrange,Midrange - Windows -X86,09JAN2017:11:25:48,89
42796,IN10038515,PENDINGREV,NW000412,Fixed Line,Fixed Line,18NOV2016:11:03:40,38
42846,IN10038527,PENDINGREV,NW000407,Intra-building Network Services,IBN - GC LAN,16NOV2016:11:00:39,173
42847,IN10038527,PENDINGREV,ESI00011,Other Activities,Other - Service Management,16NOV2016:12:35:27,171
42848,IN10038527,PENDINGREV,DC000104,Data Centre Facilities Management,Data Centre Facilities Management,17NOV2016:13:39:49,160
42849,IN10038527,PENDINGREV,NW000403,Intra-building Network Services,IBN - GC LAN,18NOV2016:10:00:12,154
42931,IN10038544,PENDINGREV,ITS00308,Other Activities,Other - Security,07APR2017:16:24:59,0
42941,IN10038545,PENDINGREV,ESI00012,Other Activities,Other - Service Management,16NOV2016:11:23:17,239
43383,IN10038642,PENDINGREV,DC000132,High-performance Computing,High-performance Computing,10SEP2016:22:35:25,22
43413,IN10038648,PENDINGREV,NW000410,Conferencing Services,Conferencing - Videoconferencing,19SEP2016:11:55:43,301
43472,IN10038662,PENDINGREV,DC000115,Midrange,Midrange - Windows -X86,04OCT2016:11:29:50,9
43587,IN10038690,PENDINGREV,NW000409,Mobile Devices,Mobile - Mobile Device - Government Cellular Services,16NOV2016:11:33:34,255
43654,IN10038703,PENDINGREV,NW000409,Mobile Devices,Mobile - Mobile Device - Government Cellular Services,16NOV2016:11:36:53,255
43663,IN10038705,PENDINGREV,NW000409,Mobile Devices,Mobile - Mobile Device - Government Cellular Services,22NOV2016:11:16:29,216
43706,IN10038716,PENDINGREV,NW000411,Mobile Devices,Mobile Devices,18NOV2016:09:37:03,0
43707,IN10038716,PENDINGREV,NW000412,Fixed Line,Fixed Line,23NOV2016:08:57:57,0
43708,IN10038716,PENDINGREV,NW000408,Fixed Line,Fixed - VoIP,23NOV2016:10:29:46,64
43716,IN10038717,PENDINGREV,NW000409,Mobile Devices,Mobile - Mobile Device - Government Cellular Services,22NOV2016:11:24:16,215
43750,IN10038725,PENDINGREV,NW000405,Intra-building Network Services,IBN - GC LAN,29SEP2016:07:22:38,0
43998,IN10038784,PENDINGREV,NW000403,Intra-building Network Services,IBN - GC LAN,22NOV2016:11:33:58,681
44201,IN10038826,PENDINGREV,ENT00008,Mobile Devices,Mobile Devices,16NOV2016:11:41:00,1571
44202,IN10038826,PENDINGREV,ESI00011,Other Activities,Other - Service Management,20DEC2016:10:21:42,1333
44203,IN10038826,PENDINGREV,SM000515,Other Activities,Other - Service Management,21DEC2016:16:19:35,1317
44243,IN10038835,PENDINGREV,NW000445,Intra-building Network Services,IBN - GC LAN,16NOV2016:11:44:15,62
44389,IN10038864,PENDINGREV,ITS00308,Other Activities,Other - Security,15NOV2016:12:02:57,202
44665,IN10038922,PENDINGREV,NW000404,Intra-building Network Services,IBN - Cabling - Install and Material,16NOV2016:11:44:52,249
44845,IN10038958,PENDINGREV,DC000111,Data Centre Facilities Management,Data Centre Facilities Management,16NOV2016:11:50:50,21
44846,IN10038958,PENDINGREV,NW000446,Intra-building Network Services,IBN - GC LAN,16NOV2016:18:39:39,16
44847,IN10038958,PENDINGREV,NW000403,Intra-building Network Services,IBN - GC LAN,17NOV2016:13:04:24,792
44952,IN10038976,PENDINGREV,NW000405,Intra-building Network Services,IBN - GC LAN,19SEP2016:09:38:38,1
45015,IN10038991,PENDINGREV,NW000415,GC WAN,GC WAN,15NOV2016:12:28:43,1021
45016,IN10038991,PENDINGREV,NW000417,GC WAN,GC WAN,21DEC2016:13:43:08,0
45045,IN10038997,PENDINGREV,ESI00011,Other Activities,Other - Service Management,19SEP2016:07:23:22,0
45299,IN10039053,PENDINGREV,NW000417,GC WAN,GC WAN,15NOV2016:13:22:15,260
45366,IN10039068,PENDINGREV,CHAT_Q,Other Activities,Other - Service Management,15NOV2016:13:38:03,391
45367,IN10039068,PENDINGREV,ESI00011,Other Activities,Other - Service Management,08DEC2016:08:04:20,226
45368,IN10039068,PENDINGREV,DC000141,Middleware,Middleware,08DEC2016:09:06:01,225
45369,IN10039068,PENDINGREV,DC000115,Midrange,Midrange - Windows -X86,12JAN2017:10:53:08,3
45537,IN10039103,PENDINGREV,NDS00033,Other Activities,Other - Security,15NOV2016:13:47:38,6
45550,IN10039105,PENDINGREV,NW000409,Mobile Devices,Mobile - Mobile Device - Government Cellular Services,23SEP2016:10:16:43,0
45733,IN10039143,PENDINGREV,ESI00012,Other Activities,Other - Service Management,15NOV2016:13:56:37,314
45775,IN10039153,PENDINGREV,ITS00306,Other Activities,Other - Security,15NOV2016:14:22:25,319
45818,IN10039163,PENDINGREV,DC000130,High-performance Computing,HPC - Interaction & Visualization,16NOV2016:12:01:46,0
45830,IN10039165,PENDINGREV,ITS00306,Other Activities,Other - Security,15NOV2016:14:35:23,215
45855,IN10039170,PENDINGREV,ITS00326,Other Activities,Other - Security,16NOV2016:12:06:42,1012
45856,IN10039170,PENDINGREV,DC000117,Storage,Storage,12JAN2017:10:25:11,100
45878,IN10039175,PENDINGREV,DC000182,Middleware,Middleware,16NOV2016:12:27:17,1566
45879,IN10039175,PENDINGREV,ESI00011,Other Activities,Other - Service Management,30JUN2017:15:43:39,3
45922,IN10039183,PENDINGREV,NW000409,Mobile Devices,Mobile - Mobile Device - Government Cellular Services,18NOV2016:10:24:25,23
46100,IN10039222,PENDINGREV,NW000417,GC WAN,GC WAN,21SEP2016:09:32:04,283
46105,IN10039223,PENDINGREV,0,0,0,20SEP2016:11:10:58,0
46133,IN10039229,PENDINGREV,SM000502,Other Activities,Other - Service Management,18NOV2016:10:26:27,62
46141,IN10039230,PENDINGREV,NW000417,GC WAN,GC WAN,18NOV2016:10:31:20,1752
46421,IN10039299,PENDINGREV,DC000125,Storage,Storage,06OCT2016:14:40:49,0
46471,IN10039307,PENDINGREV,NW000462,GC WAN,GC WAN,16NOV2016:12:33:26,0
46472,IN10039307,PENDINGREV,NW000431,GC WAN,GC WAN,20DEC2016:14:07:24,0
46473,IN10039307,PENDINGREV,NW000445,Intra-building Network Services,IBN - GC LAN,21DEC2016:10:31:37,79
46693,IN10039355,PENDINGREV,EDC00003,Midrange,Midrange,21SEP2016:17:15:57,322
46729,IN10039363,PENDINGREV,DC000117,Storage,Storage,27SEP2016:11:45:31,109
46789,IN10039374,PENDINGREV,ITS00309,Secure Remote Access,Secure Remote Access,16NOV2016:12:39:46,10
47066,IN10039432,PENDINGREV,NW000403,Intra-building Network Services,IBN - GC LAN,16NOV2016:13:00:49,51
47071,IN10039433,PENDINGREV,NW000417,GC WAN,GC WAN,27OCT2016:07:08:31,802
47156,IN10039452,PENDINGREV,DC000115,Midrange,Midrange - Windows -X86,16NOV2016:14:22:15,1733
47157,IN10039452,PENDINGREV,DC000156,Midrange,Midrange - Windows -X86,16NOV2016:22:18:21,721
47387,IN10039505,PENDINGREV,DC000115,Midrange,Midrange - Windows -X86,04OCT2016:11:10:32,192
47388,IN10039505,PENDINGREV,DC000152,Middleware,Middleware,14OCT2016:11:46:47,122
47397,IN10039507,PENDINGREV,AP000011,Other Activities,Other - Internal Services & Strategy,18NOV2016:11:02:15,62
47483,IN10039527,PENDINGREV,DC000107,Data Centre Facilities Management,Data Centre Facilities Management,10NOV2016:10:03:06,1
47508,IN10039532,PENDINGREV,DC000120,Midrange,Midrange - Windows -X86,30SEP2016:14:16:11,38
47742,IN10039583,PENDINGREV,DC000115,Midrange,Midrange - Windows -X86,04OCT2016:11:13:57,6
47775,IN10039593,PENDINGREV,EDC00031,Other Activities,Other - Service Management,17NOV2016:14:52:47,337
47776,IN10039593,PENDINGREV,DC000115,Midrange,Midrange - Windows -X86,09JAN2017:07:36:27,4
47814,IN10039601,PENDINGREV,DC000115,Midrange,Midrange - Windows -X86,16NOV2016:14:20:18,32
47820,IN10039602,PENDINGREV,DC000115,Midrange,Midrange - Windows -X86,16NOV2016:15:17:43,301
48119,IN10039662,PENDINGREV,DC000107,Data Centre Facilities Management,Data Centre Facilities Management,16NOV2016:14:27:25,111
48174,IN10039674,PENDINGREV,DC000115,Midrange,Midrange - Windows -X86,29SEP2016:08:57:29,146
48315,IN10039706,PENDINGREV,NW000412,Fixed Line,Fixed Line,17NOV2016:15:04:56,319
48316,IN10039706,PENDINGREV,ESI00011,Other Activities,Other - Service Management,21DEC2016:08:24:11,112
48334,IN10039709,PENDINGREV,NW000409,Mobile Devices,Mobile - Mobile Device - Government Cellular Services,11OCT2016:08:26:01,0
48553,IN10039765,PENDINGREV,ENT00008,Mobile Devices,Mobile Devices,16NOV2016:15:28:08,363
48554,IN10039765,PENDINGREV,ESI00011,Other Activities,Other - Service Management,20DEC2016:10:37:03,72
48555,IN10039765,PENDINGREV,EDC00030,Other Activities,Other - Service Management,28DEC2016:14:08:23,84
48568,IN10039767,PENDINGREV,ITS00306,Other Activities,Other - Security,16NOV2016:15:32:09,345
48569,IN10039767,PENDINGREV,ESI00011,Other Activities,Other - Service Management,30DEC2016:10:47:28,40
48570,IN10039767,PENDINGREV,EDC00028,Data Centre Facilities Management,Data Centre Facilities Management,03JAN2017:12:48:37,0
48618,IN10039776,PENDINGREV,ENT00042,Intra-building Network Services,IBN - Data Centre Network,28OCT2016:13:59:33,0
48633,IN10039779,PENDINGREV,ITS00302,Other Activities,Other - Security,16NOV2016:15:49:07,744
48938,IN10039847,PENDINGREV,NW000429,Email,Email,11OCT2016:14:01:34,0
48980,IN10039858,PENDINGREV,NW000403,Intra-building Network Services,IBN - GC LAN,18NOV2016:11:14:28,169
49264,IN10039922,PENDINGREV,SM000520,Other Activities,Other - Service Management,18NOV2016:11:24:54,260
49388,IN10039954,PENDINGREV,ITS00327,Other Activities,Other - Security,18NOV2016:11:29:01,537
49672,IN10040025,PENDINGREV,DC000132,High-performance Computing,High-performance Computing,01OCT2016:08:56:17,4
49691,IN10040029,PENDINGREV,NW000409,Mobile Devices,Mobile - Mobile Device - Government Cellular Services,18NOV2016:11:47:38,301
49697,IN10040030,PENDINGREV,DC000134,High-performance Computing,High-performance Computing,18NOV2016:11:50:56,396
49822,IN10040062,PENDINGREV,NW000403,Intra-building Network Services,IBN - GC LAN,18NOV2016:12:45:41,162
49880,IN10040073,PENDINGREV,NW000417,GC WAN,GC WAN,02OCT2016:17:15:39,113
50187,IN10040151,PENDINGREV,EDC00009,Midrange,Midrange,18NOV2016:12:50:19,0
50290,IN10040174,PENDINGREV,NW000445,Intra-building Network Services,IBN - GC LAN,18NOV2016:12:52:50,41
50323,IN10040182,PENDINGREV,EDC00002,Midrange,Midrange - Windows -X86,04OCT2016:04:17:52,11
50550,IN10040235,PENDINGREV,NW000400,Intra-building Network Services,IBN - Data Centre Network,18NOV2016:12:57:06,154
50648,IN10040256,PENDINGREV,NW000439,Fixed Line,Fixed - VoIP,18NOV2016:13:08:35,387
50649,IN10040256,PENDINGREV,SM000512,Other Activities,Other - Service Management,19DEC2016:10:43:39,180
50650,IN10040256,PENDINGREV,ESI00011,Other Activities,Other - Service Management,20DEC2016:07:54:52,172
50651,IN10040256,PENDINGREV,NW000411,Mobile Devices,Mobile Devices,28DEC2016:14:22:06,126
50652,IN10040256,PENDINGREV,NW000412,Fixed Line,Fixed Line,03JAN2017:08:37:51,102
50658,IN10040257,PENDINGREV,NW000403,Intra-building Network Services,IBN - GC LAN,05OCT2016:11:16:14,11
50887,IN10040309,PENDINGREV,NW000459,GC WAN,GC WAN,22NOV2016:11:38:39,1854
50894,IN10040310,PENDINGREV,NW000403,Intra-building Network Services,IBN - GC LAN,12OCT2016:08:58:25,83
51011,IN10040339,PENDINGREV,ITS00309,Secure Remote Access,Secure Remote Access,18NOV2016:14:03:12,1569
51012,IN10040339,PENDINGREV,ESI00011,Other Activities,Other - Service Management,18NOV2016:16:32:34,1566
51013,IN10040339,PENDINGREV,SM000517,Other Activities,Other - Internal Services & Strategy,23NOV2016:11:55:27,1541
51014,IN10040339,PENDINGREV,ITS00306,Other Activities,Other - Security,29DEC2016:16:18:46,1296
51060,IN10040347,PENDINGREV,ITS00326,Other Activities,Other - Security,21NOV2016:09:42:00,9
51065,IN10040348,PENDINGREV,DC000117,Storage,Storage,21NOV2016:09:45:04,792
51082,IN10040352,PENDINGREV,NW000445,Intra-building Network Services,IBN - GC LAN,18NOV2016:14:09:31,40
51259,IN10040388,PENDINGREV,DC000141,Middleware,Middleware,18NOV2016:14:19:57,510
51316,IN10040400,PENDINGREV,DC000111,Data Centre Facilities Management,Data Centre Facilities Management,18NOV2016:14:34:13,412
51352,IN10040406,PENDINGREV,DC000141,Middleware,Middleware,18NOV2016:14:55:29,95
51358,IN10040407,PENDINGREV,NW000424,GC WAN,GC WAN National,18NOV2016:15:07:51,127
51434,IN10040423,PENDINGREV,DC000129,High-performance Computing,High-performance Computing,18NOV2016:15:13:44,360
51538,IN10040443,PENDINGREV,EU000203,Storage,Storage - File,11OCT2016:10:11:23,764
51545,IN10040444,PENDINGREV,NW000403,Intra-building Network Services,IBN - GC LAN,11OCT2016:16:30:31,0
51643,IN10040468,PENDINGREV,NW000403,Intra-building Network Services,IBN - GC LAN,18NOV2016:15:19:48,175
51807,IN10040507,PENDINGREV,DC000149,Mainframe,Mainframe,18NOV2016:15:27:18,329
51808,IN10040507,PENDINGREV,ESI00011,Other Activities,Other - Service Management,05JAN2017:13:05:26,21
51809,IN10040507,PENDINGREV,DC000147,Mainframe,Mainframe,09JAN2017:11:42:25,0
51847,IN10040515,PENDINGREV,NW000410,Conferencing Services,Conferencing - Videoconferencing,18NOV2016:15:37:31,3
51980,IN10040541,PENDINGREV,DC000130,High-performance Computing,HPC - Interaction & Visualization,10OCT2016:22:56:04,3
51981,IN10040541,PENDINGREV,DC000128,High-performance Computing,High-performance Computing,11OCT2016:10:31:05,0
51994,IN10040544,PENDINGREV,DC000132,High-performance Computing,High-performance Computing,11OCT2016:02:29:00,8
52138,IN10040574,PENDINGREV,ENT00009,Mobile Devices,Mobile Devices,18NOV2016:15:55:57,67
52173,IN10040581,PENDINGREV,NW000403,Intra-building Network Services,IBN - GC LAN,21NOV2016:09:49:26,19
52300,IN10040605,PENDINGREV,EDC00005,Midrange,Midrange - Storage and Virtualization,21NOV2016:09:53:12,3
52317,IN10040614,PENDINGREV,NW000412,Fixed Line,Fixed Line,21NOV2016:09:55:40,339
52344,IN10040622,PENDINGREV,EDC00005,Midrange,Midrange - Storage and Virtualization,21NOV2016:09:58:10,3
52363,IN10040627,PENDINGREV,DC000115,Midrange,Midrange - Windows -X86,12OCT2016:14:56:57,2
52476,IN10040655,PENDINGREV,DC000149,Mainframe,Mainframe,21NOV2016:10:40:57,409
52477,IN10040655,PENDINGREV,ITS00312,Internal Credential Management (ICM),Internal Credential Management (ICM),05JAN2017:11:49:11,107
52525,IN10040664,PENDINGREV,ITS00306,Other Activities,Other - Security,22NOV2016:11:59:10,1852
52637,IN10040690,PENDINGREV,NW000403,Intra-building Network Services,IBN - GC LAN,21NOV2016:10:48:47,493
52744,IN10040713,PENDINGREV,NW000403,Intra-building Network Services,IBN - GC LAN,14OCT2016:16:07:04,65
52890,IN10040744,PENDINGREV,NW000417,GC WAN,GC WAN,14OCT2016:14:43:34,5
52935,IN10040757,PENDINGREV,DC000141,Middleware,Middleware,21NOV2016:10:51:24,358
52936,IN10040757,PENDINGREV,ESI00011,Other Activities,Other - Service Management,20DEC2016:07:16:23,151
52937,IN10040757,PENDINGREV,DC000115,Midrange,Midrange - Windows -X86,30DEC2016:12:21:27,86
52985,IN10040767,PENDINGREV,DC000127,High-performance Computing,HPC -Big Data Exchange,14OCT2016:13:54:03,3
53071,IN10040811,PENDINGREV,DC000127,High-performance Computing,HPC -Big Data Exchange,15OCT2016:02:59:27,0
53077,IN10040812,PENDINGREV,DC000127,High-performance Computing,HPC -Big Data Exchange,15OCT2016:02:52:19,0
53181,IN10040838,PENDINGREV,ITS00327,Other Activities,Other - Security,18OCT2016:13:59:54,755
53392,IN10040886,PENDINGREV,NW000445,Intra-building Network Services,IBN - GC LAN,21NOV2016:11:07:44,299
53405,IN10040889,PENDINGREV,NW000445,Intra-building Network Services,IBN - GC LAN,21NOV2016:11:09:55,298
53494,IN10040914,PENDINGREV,EDC00002,Midrange,Midrange - Windows -X86,16OCT2016:22:34:07,3
53609,IN10040940,PENDINGREV,DC000129,High-performance Computing,High-performance Computing,21NOV2016:11:14:51,16
53721,IN10040965,PENDINGREV,NW000417,GC WAN,GC WAN,19OCT2016:12:45:12,0
54017,IN10041028,PENDINGREV,NW000417,GC WAN,GC WAN,19OCT2016:13:15:07,5
54068,IN10041039,PENDINGREV,DC000119,Other Activities,Other - Data Centre,09NOV2016:15:33:53,347
54082,IN10041042,PENDINGREV,ITS00306,Other Activities,Other - Security,21NOV2016:11:17:32,72
54704,IN10041230,PENDINGREV,NW000417,GC WAN,GC WAN,20OCT2016:13:08:25,5
54805,IN10041253,PENDINGREV,NW000405,Intra-building Network Services,IBN - GC LAN,21NOV2016:11:25:43,129
54873,IN10041268,PENDINGREV,ESI00011,Other Activities,Other - Service Management,21OCT2016:10:27:51,2
54951,IN10041285,PENDINGREV,DC000115,Midrange,Midrange - Windows -X86,25OCT2016:13:52:45,50
55261,IN10041349,PENDINGREV,NW000417,GC WAN,GC WAN,27OCT2016:07:12:11,802
55332,IN10041363,PENDINGREV,DC000111,Data Centre Facilities Management,Data Centre Facilities Management,21NOV2016:11:27:30,135
55346,IN10041365,PENDINGREV,NW000445,Intra-building Network Services,IBN - GC LAN,21NOV2016:11:41:44,33
55447,IN10041389,PENDINGREV,DC000115,Midrange,Midrange - Windows -X86,09NOV2016:15:22:56,1
55508,IN10041402,PENDINGREV,NW000453,Intra-building Network Services,IBN - GC LAN,22NOV2016:12:44:09,340
55563,IN10041414,PENDINGREV,ENT00009,Mobile Devices,Mobile Devices,22NOV2016:12:48:31,149
55692,IN10041444,PENDINGREV,DC000156,Midrange,Midrange - Windows -X86,02NOV2016:12:42:17,723
55693,IN10041444,PENDINGREV,ITS00326,Other Activities,Other - Security,29NOV2016:08:15:47,0
55700,IN10041445,PENDINGREV,DC000156,Midrange,Midrange - Windows -X86,02NOV2016:12:42:47,175
55877,IN10041487,PENDINGREV,DC000111,Data Centre Facilities Management,Data Centre Facilities Management,22NOV2016:13:01:03,33
55887,IN10041489,PENDINGREV,DC000152,Middleware,Middleware,22NOV2016:13:12:06,234
55888,IN10041489,PENDINGREV,ESI00011,Other Activities,Other - Service Management,22NOV2016:13:14:44,234
55889,IN10041489,PENDINGREV,DC000154,Mainframe,Mainframe,22NOV2016:18:52:35,230
55890,IN10041489,PENDINGREV,SM000502,Other Activities,Other - Service Management,23DEC2016:10:29:42,7
56087,IN10041545,PENDINGREV,NW000417,GC WAN,GC WAN,03NOV2016:06:58:38,2
56181,IN10041566,PENDINGREV,NW000410,Conferencing Services,Conferencing - Videoconferencing,21NOV2016:12:11:29,6
56223,IN10041576,PENDINGREV,NW000440,Fixed Line,Fixed - PBX,21NOV2016:12:18:09,39
56274,IN10041586,PENDINGREV,DC000155,Mainframe,Mainframe,21NOV2016:12:34:32,12
56285,IN10041588,PENDINGREV,DC000155,Mainframe,Mainframe,21NOV2016:12:44:39,11
56303,IN10041592,PENDINGREV,DC000182,Middleware,Middleware,21NOV2016:12:46:31,1536
56304,IN10041592,PENDINGREV,ESI00011,Other Activities,Other - Service Management,30JUN2017:15:45:34,3
56312,IN10041593,PENDINGREV,DC000182,Middleware,Middleware,21NOV2016:13:13:13,1536
56313,IN10041593,PENDINGREV,ESI00011,Other Activities,Other - Service Management,30JUN2017:15:47:06,3
56318,IN10041594,PENDINGREV,NW000417,GC WAN,GC WAN,27OCT2016:06:23:49,21
56319,IN10041594,PENDINGREV,EDC00066,Other Activities,Other - Service Management,28OCT2016:10:47:28,7
56321,IN10041594,PENDINGREV,SM000542,Other Activities,Other - Service Management,31OCT2016:08:28:55,0
56385,IN10041605,PENDINGREV,NW000404,Intra-building Network Services,IBN - Cabling - Install and Material,21NOV2016:13:42:31,0
56421,IN10041611,PENDINGREV,NW000408,Fixed Line,Fixed - VoIP,21NOV2016:13:45:56,107
56456,IN10041618,PENDINGREV,NW000410,Conferencing Services,Conferencing - Videoconferencing,21NOV2016:11:45:53,269
56457,IN10041618,PENDINGREV,ESI00011,Other Activities,Other - Service Management,20DEC2016:15:09:59,56
56484,IN10041625,PENDINGREV,NW000445,Intra-building Network Services,IBN - GC LAN,21NOV2016:11:51:31,32
56584,IN10041642,PENDINGREV,DC000139,Database,Database,02NOV2016:14:13:12,0
56616,IN10041648,PENDINGREV,DC000127,High-performance Computing,HPC -Big Data Exchange,21NOV2016:13:55:29,273
56640,IN10041652,PENDINGREV,DC000154,Mainframe,Mainframe,21NOV2016:14:44:09,295
56641,IN10041652,PENDINGREV,SM000502,Other Activities,Other - Service Management,29DEC2016:09:35:59,40
56689,IN10041661,PENDINGREV,NW000453,Intra-building Network Services,IBN - GC LAN,21NOV2016:11:41:55,3946
56690,IN10041661,PENDINGREV,DC000111,Data Centre Facilities Management,Data Centre Facilities Management,06APR2017:07:35:36,261
56871,IN10041703,PENDINGREV,NW000403,Intra-building Network Services,IBN - GC LAN,01NOV2016:14:27:26,4
56998,IN10041730,PENDINGREV,EDC00002,Midrange,Midrange - Windows -X86,29OCT2016:10:52:16,1
57043,IN10041741,PENDINGREV,EDC00002,Midrange,Midrange - Windows -X86,29OCT2016:10:52:00,1
57100,IN10041756,PENDINGREV,NW000431,GC WAN,GC WAN,31OCT2016:09:13:44,0
57131,IN10041762,PENDINGREV,NW000417,GC WAN,GC WAN,01NOV2016:12:56:35,0
57194,IN10041775,PENDINGREV,NW000403,Intra-building Network Services,IBN - GC LAN,10NOV2016:15:57:01,3357
57344,IN10041810,PENDINGREV,ITS00309,Secure Remote Access,Secure Remote Access,02NOV2016:08:40:38,61
57511,IN10041853,PENDINGREV,NW000417,GC WAN,GC WAN,02NOV2016:07:18:10,19
57540,IN10041858,PENDINGREV,NW000417,GC WAN,GC WAN,02NOV2016:11:36:56,0
57896,IN10041961,PENDINGREV,NW000412,Fixed Line,Fixed Line,02NOV2016:08:51:34,0
58002,IN10041986,PENDINGREV,NW000445,Intra-building Network Services,IBN - GC LAN,22NOV2016:14:41:01,19
58173,IN10042025,PENDINGREV,DC000115,Midrange,Midrange - Windows -X86,02NOV2016:15:30:38,6
58191,IN10042029,PENDINGREV,DC000115,Midrange,Midrange - Windows -X86,02NOV2016:15:40:26,6
58198,IN10042030,PENDINGREV,NW000433,GC WAN,GC WAN,07NOV2016:10:10:21,168
58273,IN10042046,PENDINGREV,EDC00001,Midrange,Midrange - Storage and Virtualization,07NOV2016:16:47:36,8
58309,IN10042055,PENDINGREV,NW000403,Intra-building Network Services,IBN - GC LAN,22NOV2016:14:48:06,342
58423,IN10042080,PENDINGREV,ENT00009,Mobile Devices,Mobile Devices,22NOV2016:13:46:21,343
58486,IN10042093,PENDINGREV,NW000412,Fixed Line,Fixed Line,07NOV2016:12:31:08,30
58526,IN10042101,PENDINGREV,DC000133,High-performance Computing,High-performance Computing,03NOV2016:23:03:34,0
58536,IN10042103,PENDINGREV,NW000409,Mobile Devices,Mobile - Mobile Device - Government Cellular Services,22NOV2016:14:00:41,43
58803,IN10042165,PENDINGREV,ENT00003,Intra-building Network Services,IBN - Data Centre Network,07NOV2016:06:50:46,0
58809,IN10042167,PENDINGREV,NW000438,Intra-building Network Services,IBN - GC Wi-Fi,05NOV2016:07:51:41,0
58983,IN10042200,PENDINGREV,ITS00307,Secure Remote Access,Secure Remote Access,06NOV2016:07:14:32,11
59142,IN10042237,PENDINGREV,ITS00309,Secure Remote Access,Secure Remote Access,20DEC2016:08:44:20,383
59143,IN10042237,PENDINGREV,ESI00011,Other Activities,Other - Service Management,20DEC2016:08:47:07,101
59144,IN10042237,PENDINGREV,SM000502,Other Activities,Other - Service Management,28DEC2016:15:52:48,41
60211,IN10042482,PENDINGREV,ESI00011,Other Activities,Other - Service Management,10NOV2016:14:39:42,67
60750,IN10042619,PENDINGREV,NW000409,Mobile Devices,Mobile - Mobile Device - Government Cellular Services,14NOV2016:09:12:08,6
61451,IN10042768,PENDINGREV,DC000119,Other Activities,Other - Data Centre,17NOV2016:08:27:33,35
61452,IN10042768,PENDINGREV,EDC00066,Other Activities,Other - Service Management,22NOV2016:13:56:21,0
62191,IN10042936,PENDINGREV,EDC00004,Midrange,Midrange - Storage and Virtualization,22DEC2016:09:00:02,70
62202,IN10042938,PENDINGREV,NW000405,Intra-building Network Services,IBN - GC LAN,18NOV2016:07:52:55,3
62239,IN10042945,PENDINGREV,NW000405,Intra-building Network Services,IBN - GC LAN,18NOV2016:07:53:45,70
62243,IN10042946,PENDINGREV,NW000405,Intra-building Network Services,IBN - GC LAN,18NOV2016:08:00:25,3
62271,IN10042951,PENDINGREV,NW000417,GC WAN,GC WAN,20NOV2016:09:10:49,8
62463,IN10042999,PENDINGREV,NW000417,GC WAN,GC WAN,20NOV2016:09:11:50,7
62518,IN10043012,PENDINGREV,NW000417,GC WAN,GC WAN,21NOV2016:07:14:15,7
62559,IN10043022,PENDINGREV,DC000128,High-performance Computing,High-performance Computing,21NOV2016:15:58:43,0
62615,IN10043037,PENDINGREV,DC000128,High-performance Computing,High-performance Computing,20NOV2016:07:37:10,0
62624,IN10043039,PENDINGREV,DC000127,High-performance Computing,HPC -Big Data Exchange,20NOV2016:07:46:26,2
62629,IN10043040,PENDINGREV,DC000130,High-performance Computing,HPC - Interaction & Visualization,20NOV2016:07:55:33,0
62674,IN10043053,PENDINGREV,NW000412,Fixed Line,Fixed Line,22NOV2016:10:05:01,293
62916,IN10043105,PENDINGREV,NW000417,GC WAN,GC WAN,21NOV2016:09:15:35,5
62929,IN10043111,PENDINGREV,DC000127,High-performance Computing,HPC -Big Data Exchange,21NOV2016:09:23:06,0
62933,IN10043112,PENDINGREV,0,0,0,21NOV2016:09:24:25,0
62935,IN10043112,PENDINGREV,DC000127,High-performance Computing,HPC -Big Data Exchange,21NOV2016:09:34:45,0
62944,IN10043114,PENDINGREV,DC000127,High-performance Computing,HPC -Big Data Exchange,21NOV2016:09:27:58,0
63378,IN10043209,PENDINGREV,DC000156,Midrange,Midrange - Windows -X86,29NOV2016:11:58:32,1
63908,IN10043324,PENDINGREV,NW000417,GC WAN,GC WAN,24NOV2016:15:35:38,4
64095,IN10043370,PENDINGREV,NW000417,GC WAN,GC WAN,24NOV2016:12:03:24,7
64370,IN10043426,PENDINGREV,NW000409,Mobile Devices,Mobile - Mobile Device - Government Cellular Services,01DEC2016:09:49:15,90
64992,IN10043569,PENDINGREV,EU000202,Distributed Print,Distributed Print,29NOV2016:11:54:08,0
65542,IN10043698,PENDINGREV,NW000417,GC WAN,GC WAN,29NOV2016:21:47:27,4
65615,IN10043720,PENDINGREV,DC000128,High-performance Computing,High-performance Computing,30NOV2016:02:41:24,164
65640,IN10043725,PENDINGREV,DC000128,High-performance Computing,High-performance Computing,30NOV2016:05:03:35,30
65738,IN10043747,PENDINGREV,NW000417,GC WAN,GC WAN,30NOV2016:16:33:13,4
65933,IN10043786,PENDINGREV,DC000133,High-performance Computing,High-performance Computing,30NOV2016:20:21:24,8
66515,IN10043925,PENDINGREV,ITS00332,Secure Remote Access,Secure Remote Access,02DEC2016:07:46:54,139
66516,IN10043925,PENDINGREV,ESI00011,Other Activities,Other - Service Management,06DEC2016:14:09:57,9
66830,IN10043993,PENDINGREV,DC000130,High-performance Computing,HPC - Interaction & Visualization,03DEC2016:19:31:21,6
66831,IN10043993,PENDINGREV,DC000128,High-performance Computing,High-performance Computing,05DEC2016:10:07:33,2
